motif	GAGGNAGACMAC	WWWWWAAAAAAN	TAGGCCTACW	SASASASASA	AMAACAACARMA	CAGTGNCACA	GGGGGGGGGGGG	TTCTTCTTCTTC	GATGATGATGAT	TGGAGAWACATG	NCWGCWGHCA	CTCTCTCTCTCT	AAAAATRTTT	TGTGTCCAGT	GAGCAMTTATGG
GAGGNAGACMAC	1	0.351242056614674	0.259155266144931	0.370632647747982	0.395009537557354	0.346436525612472	0.27775352035804	0.428162242340545	0.315460758897007	0.334857909501159	0.319801533603969	0.369511321690265	0.299560207092357	0.327153318609787	0.224394728777199
WWWWWAAAAAAN	0.351242056614674	1	0.277061935885465	0.343450146015853	0.398163782186577	0.309876337825098	0.28140421713773	0.396396856180463	0.291001838780473	0.283813880695841	0.285344585091421	0.314274895872775	0.381792819019893	0.278351698806244	0.229731441601216
TAGGCCTACW	0.259155266144931	0.277061935885465	1	0.24564819732106	0.273967809657103	0.226655457837558	0.225372028819608	0.272212885154062	0.223405776379754	0.225275532696547	0.220240091207833	0.241390205371248	0.238118000546299	0.217745836500587	0.1903725205612
SASASASASA	0.370632647747982	0.343450146015853	0.24564819732106	1	0.366350615291507	0.341551246537396	0.321384285875324	0.386656746031746	0.265007072135785	0.270987940630798	0.297232982844494	0.416353704335951	0.302049682522001	0.299909049567986	0.211711984497063
AMAACAACARMA	0.395009537557354	0.398163782186577	0.273967809657103	0.366350615291507	1	0.324292765776763	0.290977042178324	0.421542882623991	0.318283007020949	0.311606367583213	0.31125935567849	0.346380161815698	0.331842032587683	0.301643321936694	0.216644185091783
CAGTGNCACA	0.346436525612472	0.309876337825098	0.226655457837558	0.341551246537396	0.324292765776763	1	0.259787108219988	0.34405914818286	0.252664188351921	0.239488689767529	0.316358692293431	0.281112737920937	0.27329415997122	0.271361099184199	0.224674434544208
GGGGGGGGGGGG	0.27775352035804	0.28140421713773	0.225372028819608	0.321384285875324	0.290977042178324	0.259787108219988	1	0.303236885928393	0.216349762321741	0.212681806583312	0.241773530123397	0.30361803084223	0.234244014233158	0.227457251814491	0.189439265340198
TTCTTCTTCTTC	0.428162242340545	0.396396856180463	0.272212885154062	0.386656746031746	0.421542882623991	0.34405914818286	0.303236885928393	1	0.305968928863451	0.298068432671082	0.326200942746677	0.378538717735221	0.331982294277639	0.321611840328418	0.23608489216864
GATGATGATGAT	0.315460758897007	0.291001838780473	0.223405776379754	0.265007072135785	0.318283007020949	0.252664188351921	0.216349762321741	0.305968928863451	1	0.322682998819362	0.239971940565015	0.281447408770316	0.254937512141423	0.250729056203606	0.196622076078021
TGGAGAWACATG	0.334857909501159	0.283813880695841	0.225275532696547	0.270987940630798	0.311606367583213	0.239488689767529	0.212681806583312	0.298068432671082	0.322682998819362	1	0.231661482633489	0.270936878727634	0.254254121697676	0.271573428985307	0.183600577551486
NCWGCWGHCA	0.319801533603969	0.285344585091421	0.220240091207833	0.297232982844494	0.31125935567849	0.316358692293431	0.241773530123397	0.326200942746677	0.239971940565015	0.231661482633489	1	0.282371476921281	0.248977598730391	0.257040257040257	0.221087220515751
CTCTCTCTCTCT	0.369511321690265	0.314274895872775	0.241390205371248	0.416353704335951	0.346380161815698	0.281112737920937	0.30361803084223	0.378538717735221	0.281447408770316	0.270936878727634	0.282371476921281	1	0.26301227736469	0.275202573879886	0.201347499352164
AAAAATRTTT	0.299560207092357	0.381792819019893	0.238118000546299	0.302049682522001	0.331842032587683	0.27329415997122	0.234244014233158	0.331982294277639	0.254937512141423	0.254254121697676	0.248977598730391	0.26301227736469	1	0.247819813037204	0.198620495495496
TGTGTCCAGT	0.327153318609787	0.278351698806244	0.217745836500587	0.299909049567986	0.301643321936694	0.271361099184199	0.227457251814491	0.321611840328418	0.250729056203606	0.271573428985307	0.257040257040257	0.275202573879886	0.247819813037204	1	0.194145283700759
GAGCAMTTATGG	0.224394728777199	0.229731441601216	0.1903725205612	0.211711984497063	0.216644185091783	0.224674434544208	0.189439265340198	0.23608489216864	0.196622076078021	0.183600577551486	0.221087220515751	0.201347499352164	0.198620495495496	0.194145283700759	1
