ID	Description	GeneRatio	BgRatio	RichFactor	FoldEnrichment	zScore	pvalue	p.adjust	qvalue	geneID	Count
map00230	Purine metabolism	70/1599	251/8155	0.278884462151394	1.42232819815173	3.35624446983167	0.000812270094959947	0.0454415130026261	0.0428505495419501	LOC_00021127/LOC_00002696/LOC_00020254/LOC_00006167/LOC_00021638/LOC_00004350/LOC_00004117/LOC_00024746/LOC_00020910/LOC_00023473/LOC_00016981/LOC_00014303/LOC_00017614/LOC_00005308/LOC_00005624/LOC_00019837/LOC_00007579/LOC_00018856/LOC_00015809/LOC_00013743/LOC_00002508/LOC_00000652/LOC_00007355/LOC_00019253/LOC_00006175/LOC_00014652/LOC_00025161/LOC_00013028/LOC_00020763/LOC_00010665/LOC_00002769/LOC_00000945/LOC_00022821/LOC_00020634/LOC_00007322/LOC_00019268/LOC_00019136/LOC_00022662/LOC_00018624/LOC_00021359/LOC_00007578/LOC_00019365/LOC_00006935/LOC_00014558/LOC_00006560/LOC_00005290/LOC_00020882/LOC_00019269/LOC_00012184/LOC_00002660/LOC_00002530/LOC_00019563/LOC_00003912/LOC_00021599/LOC_00017079/LOC_00013337/LOC_00011582/LOC_00016101/LOC_00000681/LOC_00008444/LOC_00007580/LOC_00024670/LOC_00010917/LOC_00015441/LOC_00017858/LOC_00005421/LOC_00018675/LOC_00013854/LOC_00010463/LOC_00009719	70
map04330	Notch signaling pathway	23/1599	62/8155	0.370967741935484	1.89195868385483	3.48157636588869	0.000987077366388324	0.0454415130026261	0.0428505495419501	LOC_00003016/LOC_00006432/LOC_00007190/LOC_00025975/LOC_00013996/LOC_00025381/LOC_00018038/LOC_00022888/LOC_00004670/LOC_00006434/LOC_00024066/LOC_00025569/LOC_00021756/LOC_00025217/LOC_00024273/LOC_00003827/LOC_00020989/LOC_00007759/LOC_00010728/LOC_00009432/LOC_00019421/LOC_00024941/LOC_00022996	23
map04512	ECM-receptor interaction	33/1599	101/8155	0.326732673267327	1.66635706722642	3.32775998595859	0.00123739549871348	0.0454415130026261	0.0428505495419501	LOC_00019938/LOC_00021298/LOC_00024086/LOC_00011084/LOC_00019064/LOC_00011859/LOC_00006557/LOC_00012251/LOC_00004421/LOC_00007280/LOC_00005890/LOC_00003057/LOC_00010757/LOC_00014481/LOC_00012096/LOC_00003280/LOC_00015137/LOC_00006694/LOC_00006866/LOC_00021347/LOC_00024213/LOC_00020963/LOC_00009641/LOC_00016889/LOC_00012654/LOC_00004339/LOC_00024734/LOC_00009793/LOC_00023415/LOC_00006375/LOC_00012955/LOC_00006282/LOC_00002723	33
map00531	Glycosaminoglycan degradation	18/1599	45/8155	0.4	2.04002501563477	3.4548542319418	0.00126226425007295	0.0454415130026261	0.0428505495419501	LOC_00010953/LOC_00024297/LOC_00019157/LOC_00009997/LOC_00021677/LOC_00021072/LOC_00004660/LOC_00016445/LOC_00014138/LOC_00003031/LOC_00007518/LOC_00007891/LOC_00015757/LOC_00022722/LOC_00008811/LOC_00024619/LOC_00023702/LOC_00000024	18
map00232	Caffeine metabolism	7/1599	11/8155	0.636363636363636	3.24549434305532	3.68026878709539	0.00172556605338112	0.0496963023373763	0.0468627412391926	LOC_00016981/LOC_00007579/LOC_00013743/LOC_00007578/LOC_00011582/LOC_00007580/LOC_00010463	7
map04310	Wnt signaling pathway	47/1599	170/8155	0.276470588235294	1.41001729021815	2.66795981865574	0.00653335735802403	0.156800576592577	0.147860192839491	LOC_00008192/LOC_00007190/LOC_00006234/LOC_00008803/LOC_00004813/LOC_00012606/LOC_00003420/LOC_00000671/LOC_00007431/LOC_00012857/LOC_00007508/LOC_00005157/LOC_00019199/LOC_00011489/LOC_00017172/LOC_00025209/LOC_00000604/LOC_00019881/LOC_00003952/LOC_00021756/LOC_00017436/LOC_00010280/LOC_00025217/LOC_00021399/LOC_00003088/LOC_00016977/LOC_00012225/LOC_00018705/LOC_00002835/LOC_00002942/LOC_00020989/LOC_00014531/LOC_00003099/LOC_00011125/LOC_00005802/LOC_00014899/LOC_00019380/LOC_00006538/LOC_00016820/LOC_00011436/LOC_00010728/LOC_00025788/LOC_00000014/LOC_00023502/LOC_00022996/LOC_00005416/LOC_00012485	47
map00604	Glycosphingolipid biosynthesis - ganglio series	10/1599	24/8155	0.416666666666667	2.12502605795289	2.7257519724988	0.0108705927425503	0.223623622132463	0.210873152449471	LOC_00024297/LOC_00019157/LOC_00009997/LOC_00021677/LOC_00014138/LOC_00008811/LOC_00020758/LOC_00024619/LOC_00017341/LOC_00023702	10
map00511	Other glycan degradation	14/1599	39/8155	0.358974358974359	1.83079168069787	2.56828689835962	0.0127916371746166	0.230249469143098	0.217121209937571	LOC_00024297/LOC_00018765/LOC_00019157/LOC_00009997/LOC_00021677/LOC_00018763/LOC_00000984/LOC_00004828/LOC_00014138/LOC_00008614/LOC_00008811/LOC_00024619/LOC_00006397/LOC_00023702	14
map00520	Amino sugar and nucleotide sugar metabolism	39/1599	147/8155	0.26530612244898	1.35307781649245	2.13332577355479	0.0241561387013657	0.334356653984112	0.315292458800808	LOC_00010075/LOC_00022609/LOC_00018268/LOC_00024297/LOC_00007336/LOC_00002436/LOC_00016299/LOC_00009997/LOC_00009880/LOC_00012076/LOC_00000364/LOC_00021677/LOC_00000182/LOC_00018422/LOC_00009809/LOC_00005379/LOC_00010259/LOC_00020916/LOC_00004252/LOC_00014397/LOC_00024234/LOC_00018433/LOC_00014138/LOC_00008110/LOC_00025069/LOC_00012704/LOC_00008854/LOC_00024413/LOC_00025162/LOC_00008811/LOC_00024908/LOC_00024619/LOC_00006060/LOC_00017103/LOC_00023702/LOC_00019074/LOC_00020915/LOC_00006668/LOC_00005236	39
map00051	Fructose and mannose metabolism	16/1599	50/8155	0.32	1.63202001250782	2.21375439144867	0.0256069688841392	0.334356653984112	0.315292458800808	LOC_00010075/LOC_00022609/LOC_00003177/LOC_00018001/LOC_00012076/LOC_00000364/LOC_00005995/LOC_00000182/LOC_00024099/LOC_00018433/LOC_00025069/LOC_00015227/LOC_00024413/LOC_00006060/LOC_00012561/LOC_00021206	16
map04142	Lysosome	62/1599	251/8155	0.247011952191235	1.25977640407725	2.06444448510109	0.0259398779898659	0.334356653984112	0.315292458800808	LOC_00005902/LOC_00013389/LOC_00015016/LOC_00017454/LOC_00018054/LOC_00024297/LOC_00009766/LOC_00018765/LOC_00014300/LOC_00013739/LOC_00011615/LOC_00019157/LOC_00009997/LOC_00008238/LOC_00014299/LOC_00021677/LOC_00016253/LOC_00014211/LOC_00004595/LOC_00018763/LOC_00022700/LOC_00021343/LOC_00019906/LOC_00022891/LOC_00004623/LOC_00004660/LOC_00012668/LOC_00020651/LOC_00010386/LOC_00004828/LOC_00003816/LOC_00023213/LOC_00016445/LOC_00014110/LOC_00003228/LOC_00000227/LOC_00007413/LOC_00007585/LOC_00014138/LOC_00000632/LOC_00003031/LOC_00002720/LOC_00007518/LOC_00007891/LOC_00008614/LOC_00015757/LOC_00022722/LOC_00015049/LOC_00011199/LOC_00025244/LOC_00014045/LOC_00019097/LOC_00007664/LOC_00024619/LOC_00018560/LOC_00012935/LOC_00024277/LOC_00011706/LOC_00016647/LOC_00002383/LOC_00000024/LOC_00013691	62
map05132	Salmonella infection	26/1599	92/8155	0.282608695652174	1.44132202191587	2.10228356908876	0.0281413032357284	0.334356653984112	0.315292458800808	LOC_00020811/LOC_00005512/LOC_00010872/LOC_00007553/LOC_00021623/LOC_00008319/LOC_00004606/LOC_00013285/LOC_00013754/LOC_00014544/LOC_00008652/LOC_00025445/LOC_00023443/LOC_00013099/LOC_00014385/LOC_00025619/LOC_00002677/LOC_00015571/LOC_00010147/LOC_00010059/LOC_00003511/LOC_00018886/LOC_00024795/LOC_00023896/LOC_00005649/LOC_00003680	26
map00440	Phosphonate and phosphinate metabolism	5/1599	10/8155	0.5	2.55003126954346	2.42206072914029	0.030184975706899	0.334356653984112	0.315292458800808	LOC_00012601/LOC_00002934/LOC_00023529/LOC_00017214/LOC_00016156	5
map03040	Spliceosome	56/1599	228/8155	0.245614035087719	1.25264693942486	1.91080843140221	0.0364828212577221	0.375251875793713	0.35385593550723	LOC_00012991/LOC_00020666/LOC_00019079/LOC_00025574/LOC_00005130/LOC_00002479/LOC_00025380/LOC_00022671/LOC_00008564/LOC_00000816/LOC_00022670/LOC_00018822/LOC_00012992/LOC_00012155/LOC_00013459/LOC_00024753/LOC_00014480/LOC_00018864/LOC_00012403/LOC_00020517/LOC_00025569/LOC_00006566/LOC_00020456/LOC_00004909/LOC_00010498/LOC_00002462/LOC_00005511/LOC_00015882/LOC_00009805/LOC_00002920/LOC_00023518/LOC_00023963/LOC_00006124/LOC_00003831/LOC_00002834/LOC_00013056/LOC_00009222/LOC_00021140/LOC_00000472/LOC_00014302/LOC_00005302/LOC_00019866/LOC_00008646/LOC_00006274/LOC_00025888/LOC_00008297/LOC_00004020/LOC_00003479/LOC_00011683/LOC_00006107/LOC_00011729/LOC_00003215/LOC_00022597/LOC_00010487/LOC_00008514/LOC_00006693	56
map01230	Biosynthesis of amino acids	33/1599	126/8155	0.261904761904762	1.33573066499896	1.87558032054657	0.0424436642750176	0.407459177040169	0.384226855542265	LOC_00019391/LOC_00005931/LOC_00002680/LOC_00003603/LOC_00019837/LOC_00002734/LOC_00012970/LOC_00025083/LOC_00017427/LOC_00009844/LOC_00017643/LOC_00006835/LOC_00010315/LOC_00010918/LOC_00011879/LOC_00007916/LOC_00007690/LOC_00006836/LOC_00019365/LOC_00005290/LOC_00015227/LOC_00021877/LOC_00024560/LOC_00000161/LOC_00019281/LOC_00013337/LOC_00011357/LOC_00012723/LOC_00009582/LOC_00009397/LOC_00025601/LOC_00018472/LOC_00021206	33
map00190	Oxidative phosphorylation	40/1599	160/8155	0.25	1.27501563477173	1.73499510824812	0.0541123843757759	0.487011459381983	0.459243262136519	LOC_00025504/LOC_00015476/LOC_00005736/LOC_00016028/LOC_00021567/LOC_00013851/LOC_00006561/LOC_00008022/LOC_00020170/LOC_00011639/LOC_00006210/LOC_00022891/LOC_00010548/LOC_00012713/LOC_00004468/LOC_00020343/LOC_00019409/LOC_00003237/LOC_00019361/LOC_00014873/LOC_00013757/LOC_00015110/LOC_00021322/LOC_00012416/LOC_00022545/LOC_00018874/LOC_00018768/LOC_00017641/LOC_00002866/LOC_00008690/LOC_00004665/LOC_00017419/LOC_00002566/LOC_00018792/LOC_00011685/LOC_00008874/LOC_00002374/LOC_00006544/LOC_00002813/LOC_00017629	40
map04010	MAPK signaling pathway	33/1599	130/8155	0.253846153846154	1.29463125992207	1.67231502422927	0.0624803677426481	0.529245467937725	0.499069191257065	LOC_00005512/LOC_00000937/LOC_00006777/LOC_00022631/LOC_00011680/LOC_00006565/LOC_00007999/LOC_00025366/LOC_00007474/LOC_00008319/LOC_00011897/LOC_00007575/LOC_00017466/LOC_00021474/LOC_00014544/LOC_00003443/LOC_00008652/LOC_00019078/LOC_00025608/LOC_00014385/LOC_00021330/LOC_00022831/LOC_00018201/LOC_00026005/LOC_00006347/LOC_00017461/LOC_00025934/LOC_00005354/LOC_00007043/LOC_00018886/LOC_00018258/LOC_00023896/LOC_00023089	33
map04068	FoxO signaling pathway	44/1599	182/8155	0.241758241758242	1.23298215230673	1.56977561312513	0.0726065473711713	0.561469526636118	0.529455913275286	LOC_00021882/LOC_00021076/LOC_00021585/LOC_00023670/LOC_00003039/LOC_00005514/LOC_00006809/LOC_00009754/LOC_00009204/LOC_00024192/LOC_00017879/LOC_00006385/LOC_00011897/LOC_00017622/LOC_00013084/LOC_00021415/LOC_00005244/LOC_00019881/LOC_00007772/LOC_00008667/LOC_00005874/LOC_00005664/LOC_00017888/LOC_00025107/LOC_00002668/LOC_00017321/LOC_00012620/LOC_00021186/LOC_00010078/LOC_00013221/LOC_00025098/LOC_00006538/LOC_00000277/LOC_00024191/LOC_00010211/LOC_00023708/LOC_00008342/LOC_00014866/LOC_00005877/LOC_00012270/LOC_00000198/LOC_00017705/LOC_00008150/LOC_00022996	44
map00910	Nitrogen metabolism	12/1599	40/8155	0.3	1.53001876172608	1.65946115073015	0.0769859953524765	0.561469526636118	0.529455913275286	LOC_00024387/LOC_00012042/LOC_00022672/LOC_00012970/LOC_00009844/LOC_00012343/LOC_00000161/LOC_00023184/LOC_00010275/LOC_00011357/LOC_00009397/LOC_00018472	12
map04140	Autophagy - animal	48/1599	202/8155	0.237623762376238	1.21189604889194	1.50599373511303	0.0805972811829186	0.561469526636118	0.529455913275286	LOC_00002876/LOC_00021882/LOC_00018054/LOC_00025513/LOC_00007441/LOC_00009766/LOC_00015860/LOC_00010373/LOC_00011226/LOC_00010472/LOC_00024982/LOC_00012606/LOC_00015954/LOC_00008238/LOC_00014458/LOC_00003565/LOC_00008049/LOC_00000859/LOC_00025209/LOC_00024166/LOC_00023845/LOC_00014363/LOC_00020633/LOC_00016054/LOC_00000227/LOC_00013951/LOC_00011116/LOC_00002668/LOC_00020650/LOC_00003044/LOC_00010078/LOC_00002942/LOC_00020521/LOC_00007086/LOC_00013221/LOC_00006988/LOC_00016692/LOC_00009389/LOC_00007664/LOC_00008296/LOC_00025642/LOC_00000014/LOC_00005877/LOC_00012543/LOC_00016647/LOC_00012760/LOC_00023692/LOC_00018003	48
map00562	Inositol phosphate metabolism	24/1599	93/8155	0.258064516129032	1.31614517137727	1.51424707483219	0.0863830300420976	0.561469526636118	0.529455913275286	LOC_00009546/LOC_00019175/LOC_00015860/LOC_00017099/LOC_00003420/LOC_00007036/LOC_00004122/LOC_00020150/LOC_00014736/LOC_00007745/LOC_00018453/LOC_00024890/LOC_00011969/LOC_00009882/LOC_00018473/LOC_00024452/LOC_00021865/LOC_00007704/LOC_00024282/LOC_00018417/LOC_00025788/LOC_00007360/LOC_00010074/LOC_00021206	24
map04144	Endocytosis	83/1599	369/8155	0.224932249322493	1.14716853860221	1.428765890831	0.0881625696106356	0.561469526636118	0.529455913275286	LOC_00011709/LOC_00012991/LOC_00009546/LOC_00015791/LOC_00006490/LOC_00015016/LOC_00021635/LOC_00011564/LOC_00019175/LOC_00024850/LOC_00004404/LOC_00015675/LOC_00009696/LOC_00015601/LOC_00025440/LOC_00018873/LOC_00025318/LOC_00005610/LOC_00025273/LOC_00004869/LOC_00009143/LOC_00017023/LOC_00020150/LOC_00012992/LOC_00016016/LOC_00018650/LOC_00010327/LOC_00025971/LOC_00008378/LOC_00024732/LOC_00008049/LOC_00007821/LOC_00013095/LOC_00005645/LOC_00012403/LOC_00023909/LOC_00019830/LOC_00009901/LOC_00019881/LOC_00012717/LOC_00014532/LOC_00000980/LOC_00006965/LOC_00011914/LOC_00017888/LOC_00019312/LOC_00024843/LOC_00013895/LOC_00021335/LOC_00002681/LOC_00020554/LOC_00012447/LOC_00005250/LOC_00017809/LOC_00009528/LOC_00005493/LOC_00017014/LOC_00021012/LOC_00005464/LOC_00006926/LOC_00019435/LOC_00005986/LOC_00016692/LOC_00023621/LOC_00008757/LOC_00021640/LOC_00023657/LOC_00013294/LOC_00021368/LOC_00000547/LOC_00008296/LOC_00018680/LOC_00014578/LOC_00021790/LOC_00021291/LOC_00004282/LOC_00000470/LOC_00003215/LOC_00007429/LOC_00006969/LOC_00018039/LOC_00018072/LOC_00013691	83
map01212	Fatty acid metabolism	21/1599	80/8155	0.2625	1.33876641651032	1.50371035749225	0.0896791605043799	0.561469526636118	0.529455913275286	LOC_00018115/LOC_00015403/LOC_00015399/LOC_00011434/LOC_00008464/LOC_00003228/LOC_00005375/LOC_00018420/LOC_00015564/LOC_00004929/LOC_00007566/LOC_00023463/LOC_00017150/LOC_00007337/LOC_00008463/LOC_00000483/LOC_00018965/LOC_00004936/LOC_00004853/LOC_00019665/LOC_00000599	21
map00600	Sphingolipid metabolism	23/1599	90/8155	0.255555555555556	1.30334931554444	1.42906571863914	0.100092828752249	0.568286211799119	0.535883927793029	LOC_00005902/LOC_00020411/LOC_00013389/LOC_00002705/LOC_00005717/LOC_00003581/LOC_00005494/LOC_00019157/LOC_00002703/LOC_00012668/LOC_00014513/LOC_00015761/LOC_00013078/LOC_00025465/LOC_00011936/LOC_00021602/LOC_00011199/LOC_00015996/LOC_00017084/LOC_00012783/LOC_00006397/LOC_00018211/LOC_00025500	23
map00220	Arginine biosynthesis	11/1599	38/8155	0.289473684210526	1.47633389289358	1.45343502803061	0.108928107001751	0.568286211799119	0.535883927793029	LOC_00021127/LOC_00012273/LOC_00012970/LOC_00009844/LOC_00006835/LOC_00015988/LOC_00006836/LOC_00020532/LOC_00011357/LOC_00009397/LOC_00018472	11
map00770	Pantothenate and CoA biosynthesis	10/1599	34/8155	0.294117647058824	1.5000183938491	1.44281549251745	0.112899341611857	0.568286211799119	0.535883927793029	LOC_00007762/LOC_00017427/LOC_00015756/LOC_00011800/LOC_00006081/LOC_00012759/LOC_00012474/LOC_00003048/LOC_00018221/LOC_00022697	10
map01200	Carbon metabolism	43/1599	184/8155	0.233695652173913	1.19186244119966	1.29996777272849	0.115245023268803	0.568286211799119	0.535883927793029	LOC_00022738/LOC_00018115/LOC_00011616/LOC_00005931/LOC_00007038/LOC_00018961/LOC_00003603/LOC_00012076/LOC_00021010/LOC_00000364/LOC_00019837/LOC_00005995/LOC_00025083/LOC_00005438/LOC_00025589/LOC_00012893/LOC_00017942/LOC_00017643/LOC_00006835/LOC_00012132/LOC_00010918/LOC_00011879/LOC_00015564/LOC_00007916/LOC_00015110/LOC_00007690/LOC_00006836/LOC_00019365/LOC_00005290/LOC_00015227/LOC_00014731/LOC_00019281/LOC_00013337/LOC_00016150/LOC_00006060/LOC_00012697/LOC_00012289/LOC_00009582/LOC_00010287/LOC_00023904/LOC_00008346/LOC_00018472/LOC_00021206	43
map00760	Nicotinate and nicotinamide metabolism	13/1599	47/8155	0.276595744680851	1.41065559591766	1.39431184617942	0.115510783851097	0.568286211799119	0.535883927793029	LOC_00020254/LOC_00021638/LOC_00015809/LOC_00007065/LOC_00010923/LOC_00010665/LOC_00000945/LOC_00020634/LOC_00000681/LOC_00013171/LOC_00015729/LOC_00021182/LOC_00013362	13
map00072	Synthesis and degradation of ketone bodies	5/1599	14/8155	0.357142857142857	1.82145090681676	1.5191367387468	0.121365303691726	0.568286211799119	0.535883927793029	LOC_00018115/LOC_00008806/LOC_00002912/LOC_00020156/LOC_00019108	5
map00670	One carbon pool by folate	7/1599	22/8155	0.318181818181818	1.62274717152766	1.44440116793155	0.122339392817866	0.568286211799119	0.535883927793029	LOC_00016975/LOC_00020910/LOC_00021010/LOC_00003812/LOC_00003684/LOC_00016871/LOC_00025601	7
map04626	Plant-pathogen interaction	7/1599	22/8155	0.318181818181818	1.62274717152766	1.44440116793155	0.122339392817866	0.568286211799119	0.535883927793029	LOC_00012273/LOC_00005827/LOC_00011949/LOC_00007040/LOC_00010683/LOC_00024187/LOC_00021645	7
map00010	Glycolysis / Gluconeogenesis	18/1599	70/8155	0.257142857142857	1.31144465290807	1.29234956173505	0.128257115793589	0.569264839259702	0.536806756319456	LOC_00018961/LOC_00012076/LOC_00000364/LOC_00019837/LOC_00005995/LOC_00025083/LOC_00012893/LOC_00007772/LOC_00007586/LOC_00010918/LOC_00011879/LOC_00019365/LOC_00015227/LOC_00019281/LOC_00006060/LOC_00010287/LOC_00008346/LOC_00021206	18
map02010	ABC transporters	25/1599	102/8155	0.245098039215686	1.25001532820758	1.25481004021643	0.130456525663682	0.569264839259702	0.536806756319456	LOC_00002443/LOC_00005977/LOC_00024400/LOC_00004264/LOC_00023461/LOC_00006135/LOC_00006136/LOC_00013970/LOC_00025988/LOC_00021489/LOC_00011399/LOC_00010745/LOC_00014357/LOC_00019998/LOC_00018527/LOC_00024109/LOC_00007936/LOC_00013588/LOC_00003971/LOC_00025255/LOC_00004479/LOC_00003539/LOC_00015209/LOC_00020001/LOC_00010456	25
map00513	Various types of N-glycan biosynthesis	19/1599	77/8155	0.246753246753247	1.25845699016431	1.12530910714177	0.16271502786293	0.663806424843476	0.625957812900646	LOC_00022824/LOC_00024297/LOC_00009997/LOC_00021677/LOC_00006990/LOC_00024711/LOC_00007634/LOC_00023237/LOC_00019262/LOC_00014138/LOC_00008811/LOC_00024619/LOC_00014886/LOC_00021655/LOC_00022892/LOC_00005457/LOC_00023702/LOC_00000347/LOC_00013582	19
map00510	N-Glycan biosynthesis	17/1599	68/8155	0.25	1.27501563477173	1.124626291344	0.164964444235717	0.663806424843476	0.625957812900646	LOC_00022824/LOC_00015783/LOC_00018476/LOC_00006017/LOC_00006990/LOC_00009829/LOC_00022936/LOC_00009467/LOC_00023237/LOC_00019262/LOC_00014886/LOC_00021655/LOC_00006166/LOC_00022892/LOC_00005457/LOC_00000347/LOC_00013582	17
map03015	mRNA surveillance pathway	35/1599	152/8155	0.230263157894737	1.17435650571081	1.07157767050498	0.165951606210869	0.663806424843476	0.625957812900646	LOC_00017062/LOC_00005130/LOC_00003932/LOC_00011226/LOC_00007011/LOC_00003589/LOC_00008962/LOC_00011496/LOC_00024918/LOC_00002603/LOC_00013835/LOC_00003846/LOC_00007230/LOC_00025561/LOC_00009115/LOC_00008774/LOC_00003557/LOC_00008507/LOC_00024165/LOC_00013827/LOC_00017327/LOC_00025326/LOC_00016182/LOC_00012179/LOC_00007752/LOC_00023385/LOC_00021424/LOC_00019003/LOC_00004946/LOC_00021293/LOC_00010294/LOC_00017529/LOC_00011694/LOC_00021757/LOC_00008514	35
map04136	Autophagy - other	10/1599	37/8155	0.27027027027027	1.37839528083431	1.13923196739337	0.173855735714892	0.676627728187687	0.638048077019091	LOC_00002876/LOC_00011226/LOC_00015954/LOC_00014458/LOC_00023845/LOC_00011116/LOC_00020650/LOC_00010078/LOC_00020521/LOC_00018003	10
map00564	Glycerophospholipid metabolism	32/1599	140/8155	0.228571428571429	1.16572858036273	0.976786790134721	0.190819976310311	0.723107278649601	0.681877477673966	LOC_00020543/LOC_00009531/LOC_00009763/LOC_00021156/LOC_00009138/LOC_00020519/LOC_00012601/LOC_00002934/LOC_00011673/LOC_00013823/LOC_00023529/LOC_00000535/LOC_00023640/LOC_00006472/LOC_00015886/LOC_00024011/LOC_00014110/LOC_00004655/LOC_00003310/LOC_00013718/LOC_00025767/LOC_00000538/LOC_00014440/LOC_00004823/LOC_00006786/LOC_00009497/LOC_00012395/LOC_00009885/LOC_00014435/LOC_00003787/LOC_00013793/LOC_00005421	32
map00270	Cysteine and methionine metabolism	16/1599	66/8155	0.242424242424242	1.23637879735441	0.952189047597635	0.209483164272371	0.742678255743016	0.700332565722581	LOC_00018820/LOC_00019391/LOC_00000775/LOC_00021211/LOC_00002680/LOC_00018126/LOC_00013412/LOC_00017427/LOC_00006835/LOC_00003513/LOC_00023972/LOC_00008271/LOC_00006836/LOC_00016150/LOC_00011686/LOC_00025601	16
map04020	Calcium signaling pathway	19/1599	80/8155	0.2375	1.21126485303315	0.937758680309867	0.209885193883422	0.742678255743016	0.700332565722581	LOC_00024978/LOC_00020507/LOC_00011680/LOC_00024979/LOC_00006190/LOC_00024660/LOC_00012377/LOC_00012539/LOC_00020351/LOC_00002874/LOC_00014183/LOC_00003014/LOC_00005055/LOC_00026006/LOC_00018714/LOC_00023966/LOC_00019019/LOC_00011723/LOC_00023067	19
map04145	Phagosome	41/1599	185/8155	0.221621621621622	1.13028413028413	0.885193741377578	0.21231465770341	0.742678255743016	0.700332565722581	LOC_00025504/LOC_00021298/LOC_00005736/LOC_00018054/LOC_00000221/LOC_00009766/LOC_00017401/LOC_00014208/LOC_00006557/LOC_00006811/LOC_00008323/LOC_00005645/LOC_00022891/LOC_00007882/LOC_00009213/LOC_00022958/LOC_00010564/LOC_00019922/LOC_00020856/LOC_00019312/LOC_00006771/LOC_00012096/LOC_00011620/LOC_00000227/LOC_00015988/LOC_00018561/LOC_00023143/LOC_00018394/LOC_00020532/LOC_00006694/LOC_00004465/LOC_00004477/LOC_00015571/LOC_00006055/LOC_00002890/LOC_00016252/LOC_00007664/LOC_00016304/LOC_00016647/LOC_00007429/LOC_00017629	41
map00790	Folate biosynthesis	12/1599	48/8155	0.25	1.27501563477173	0.943708853715433	0.218570985853404	0.742678255743016	0.700332565722581	LOC_00003398/LOC_00009449/LOC_00016975/LOC_00003379/LOC_00003812/LOC_00020660/LOC_00016139/LOC_00011900/LOC_00022756/LOC_00024757/LOC_00021741/LOC_00003361	12
map00062	Fatty acid elongation	8/1599	30/8155	0.266666666666667	1.36001667708985	0.975577273362044	0.221771979145484	0.742678255743016	0.700332565722581	LOC_00024474/LOC_00015403/LOC_00015399/LOC_00003228/LOC_00004929/LOC_00007566/LOC_00017150/LOC_00000483	8
map00750	Vitamin B6 metabolism	3/1599	9/8155	0.333333333333333	1.70002084636231	1.0376482026761	0.251416768138113	0.802086026626893	0.756353051424483	LOC_00021520/LOC_00000180/LOC_00024560	3
map04016	MAPK signaling pathway - plant	3/1599	9/8155	0.333333333333333	1.70002084636231	1.0376482026761	0.251416768138113	0.802086026626893	0.756353051424483	LOC_00002350/LOC_00002351/LOC_00015051	3
map00250	Alanine, aspartate and glutamate metabolism	14/1599	59/8155	0.23728813559322	1.21018433130876	0.800168050077882	0.25622192517248	0.802086026626893	0.756353051424483	LOC_00012970/LOC_00020779/LOC_00005379/LOC_00009844/LOC_00025161/LOC_00009988/LOC_00006835/LOC_00006836/LOC_00000161/LOC_00011357/LOC_00010993/LOC_00012723/LOC_00009397/LOC_00018472	14
map00052	Galactose metabolism	11/1599	46/8155	0.239130434782609	1.21958017239035	0.737527978795783	0.281992388410781	0.853549679856933	0.804882373549301	LOC_00002436/LOC_00011615/LOC_00019157/LOC_00012076/LOC_00000364/LOC_00012296/LOC_00007772/LOC_00015227/LOC_00012704/LOC_00006060/LOC_00000347	11
map00061	Fatty acid biosynthesis	6/1599	23/8155	0.260869565217391	1.33045109715311	0.783722913212125	0.288137946482108	0.853549679856933	0.804882373549301	LOC_00011434/LOC_00005375/LOC_00023463/LOC_00000483/LOC_00018965/LOC_00004936	6
map00900	Terpenoid backbone biosynthesis	9/1599	37/8155	0.243243243243243	1.24055575275087	0.72423948541307	0.292248029042222	0.853549679856933	0.804882373549301	LOC_00018115/LOC_00007684/LOC_00017381/LOC_00010971/LOC_00005703/LOC_00007784/LOC_00004789/LOC_00011789/LOC_00010209	9
map01040	Biosynthesis of unsaturated fatty acids	10/1599	42/8155	0.238095238095238	1.21430060454451	0.687618284287143	0.30085351552592	0.853549679856933	0.804882373549301	LOC_00024474/LOC_00015403/LOC_00015399/LOC_00018420/LOC_00004929/LOC_00007566/LOC_00017150/LOC_00007337/LOC_00004853/LOC_00019665	10
map00730	Thiamine metabolism	7/1599	28/8155	0.25	1.27501563477173	0.719882113713726	0.30229884494933	0.853549679856933	0.804882373549301	LOC_00003738/LOC_00024356/LOC_00010567/LOC_00003912/LOC_00003739/LOC_00015441/LOC_00009719	7
map00785	Lipoic acid metabolism	2/1599	6/8155	0.333333333333333	1.70002084636231	0.847080243155037	0.334994256315539	0.927676402104569	0.874782572160011	LOC_00007979/LOC_00014352	2
map00561	Glycerolipid metabolism	20/1599	92/8155	0.217391304347826	1.10870924762759	0.517847861077407	0.341701703625928	0.928397081549692	0.875462160233263	LOC_00009763/LOC_00021156/LOC_00020519/LOC_00002456/LOC_00014594/LOC_00000535/LOC_00018409/LOC_00012875/LOC_00013845/LOC_00015886/LOC_00004655/LOC_00016933/LOC_00000538/LOC_00018646/LOC_00014440/LOC_00023601/LOC_00006786/LOC_00023904/LOC_00013793/LOC_00002691	20
map04070	Phosphatidylinositol signaling system	32/1599	152/8155	0.210526315789474	1.07369737664988	0.452936716475569	0.35668664010153	0.946834135832007	0.892847978964393	LOC_00019175/LOC_00015860/LOC_00018871/LOC_00003420/LOC_00007036/LOC_00004122/LOC_00020150/LOC_00000535/LOC_00014736/LOC_00013777/LOC_00007745/LOC_00018453/LOC_00024890/LOC_00003549/LOC_00011969/LOC_00009882/LOC_00007542/LOC_00015359/LOC_00000538/LOC_00002668/LOC_00002448/LOC_00014440/LOC_00015793/LOC_00023966/LOC_00021865/LOC_00024282/LOC_00011436/LOC_00018417/LOC_00003156/LOC_00025788/LOC_00007360/LOC_00010074	32
map00030	Pentose phosphate pathway	11/1599	49/8155	0.224489795918367	1.14491199857054	0.502445775874965	0.361638037991392	0.946834135832007	0.892847978964393	LOC_00022738/LOC_00007038/LOC_00005995/LOC_00003911/LOC_00017643/LOC_00007916/LOC_00007690/LOC_00005290/LOC_00015227/LOC_00013337/LOC_00023904	11
map03022	Basal transcription factors	13/1599	59/8155	0.220338983050847	1.12374259335814	0.471085875062242	0.368412675805216	0.947346880641985	0.893331488324679	LOC_00024324/LOC_00013233/LOC_00000413/LOC_00003604/LOC_00023509/LOC_00013234/LOC_00019899/LOC_00014529/LOC_00016598/LOC_00019729/LOC_00022586/LOC_00025821/LOC_00024391	13
map00500	Starch and sucrose metabolism	16/1599	74/8155	0.216216216216216	1.10271622466744	0.43834137741803	0.375299935666201	0.948126153261981	0.894066328733886	LOC_00010524/LOC_00003053/LOC_00007878/LOC_00011615/LOC_00015589/LOC_00012076/LOC_00000364/LOC_00012296/LOC_00003422/LOC_00007772/LOC_00010291/LOC_00018747/LOC_00015585/LOC_00018129/LOC_00006060/LOC_00023573	16
map00920	Sulfur metabolism	5/1599	21/8155	0.238095238095238	1.21430060454451	0.485591496030073	0.395994905836798	0.977720311190351	0.921973100464586	LOC_00015609/LOC_00005308/LOC_00003273/LOC_00003156/LOC_00011686	5
map00640	Propanoate metabolism	9/1599	41/8155	0.219512195121951	1.1195259232142	0.378901780882467	0.41292876068278	0.977720311190351	0.921973100464586	LOC_00018115/LOC_00018961/LOC_00012893/LOC_00012132/LOC_00015564/LOC_00008168/LOC_00002961/LOC_00014731/LOC_00000523	9
map03050	Proteasome	11/1599	51/8155	0.215686274509804	1.10001348882267	0.353821371922144	0.416359778753221	0.977720311190351	0.921973100464586	LOC_00013961/LOC_00000548/LOC_00010097/LOC_00013219/LOC_00018484/LOC_00025668/LOC_00011898/LOC_00005799/LOC_00018701/LOC_00011001/LOC_00015350	11
map00780	Biotin metabolism	3/1599	12/8155	0.25	1.27501563477173	0.470810243172794	0.427752636145779	0.977720311190351	0.921973100464586	LOC_00016100/LOC_00003712/LOC_00007696	3
map04122	Sulfur relay system	3/1599	12/8155	0.25	1.27501563477173	0.470810243172794	0.427752636145779	0.977720311190351	0.921973100464586	LOC_00010567/LOC_00024597/LOC_00011686	3
map05134	Legionellosis	3/1599	12/8155	0.25	1.27501563477173	0.470810243172794	0.427752636145779	0.977720311190351	0.921973100464586	LOC_00021046/LOC_00013251/LOC_00010797	3
map00650	Butanoate metabolism	6/1599	27/8155	0.222222222222222	1.13334723090821	0.342739492352639	0.440763256026835	0.991717326060379	0.935172039925357	LOC_00018115/LOC_00008806/LOC_00015564/LOC_00002912/LOC_00020156/LOC_00019108	6
map00240	Pyrimidine metabolism	23/1599	113/8155	0.20353982300885	1.03806582653982	0.201225291223199	0.458058659651294	0.993875126012853	0.937206807424401	LOC_00000595/LOC_00021638/LOC_00017516/LOC_00007762/LOC_00004350/LOC_00013315/LOC_00004117/LOC_00005624/LOC_00015809/LOC_00000652/LOC_00010665/LOC_00002769/LOC_00000945/LOC_00020634/LOC_00015756/LOC_00007322/LOC_00016871/LOC_00018580/LOC_00008306/LOC_00003048/LOC_00000681/LOC_00012773/LOC_00010917	23
map03420	Nucleotide excision repair	13/1599	63/8155	0.206349206349206	1.05239385727191	0.206163995976669	0.468576766604643	0.993875126012853	0.937206807424401	LOC_00012480/LOC_00012665/LOC_00016809/LOC_00007587/LOC_00012797/LOC_00019729/LOC_00007076/LOC_00013174/LOC_00014041/LOC_00020221/LOC_00024861/LOC_00008670/LOC_00019331	13
map00071	Fatty acid degradation	11/1599	53/8155	0.207547169811321	1.05850354584823	0.211015383470306	0.471104376366705	0.993875126012853	0.937206807424401	LOC_00018115/LOC_00011434/LOC_00008464/LOC_00007586/LOC_00015564/LOC_00012426/LOC_00015892/LOC_00008463/LOC_00004936/LOC_00000599/LOC_00008346	11
map00100	Steroid biosynthesis	8/1599	38/8155	0.210526315789474	1.07369737664988	0.224872406299314	0.475328142559157	0.993875126012853	0.937206807424401	LOC_00012433/LOC_00007242/LOC_00012287/LOC_00008117/LOC_00012288/LOC_00019712/LOC_00012286/LOC_00014335	8
map05130	Pathogenic Escherichia coli infection	3/1599	13/8155	0.230769230769231	1.17693750902006	0.315294321395324	0.483899511249107	0.993875126012853	0.937206807424401	LOC_00005872/LOC_00020147/LOC_00011601	3
map05146	Amoebiasis	3/1599	13/8155	0.230769230769231	1.17693750902006	0.315294321395324	0.483899511249107	0.993875126012853	0.937206807424401	LOC_00002988/LOC_00002488/LOC_00015750	3
map00565	Ether lipid metabolism	14/1599	69/8155	0.202898550724638	1.03479529778575	0.143340312676331	0.491321218414892	0.993875126012853	0.937206807424401	LOC_00020411/LOC_00009531/LOC_00021156/LOC_00012601/LOC_00002934/LOC_00019626/LOC_00019502/LOC_00006786/LOC_00009497/LOC_00012395/LOC_00013542/LOC_00015808/LOC_00014435/LOC_00018211	14
map00020	Citrate cycle (TCA cycle)	11/1599	54/8155	0.203703703703704	1.03890162833252	0.141639849648385	0.498167903303211	0.993875126012853	0.937206807424401	LOC_00011616/LOC_00005931/LOC_00018961/LOC_00003603/LOC_00005438/LOC_00025589/LOC_00012132/LOC_00015110/LOC_00014731/LOC_00016150/LOC_00009582	11
map03020	RNA polymerase	9/1599	44/8155	0.204545454545455	1.04319461026778	0.141875959079621	0.503839473603738	0.993875126012853	0.937206807424401	LOC_00012818/LOC_00006162/LOC_00020438/LOC_00008148/LOC_00003660/LOC_00006743/LOC_00025225/LOC_00004955/LOC_00013017	9
map00630	Glyoxylate and dicarboxylate metabolism	14/1599	70/8155	0.2	1.02001250781739	0.0830425421195217	0.515036436828193	0.999999749477744	0.942982219902258	LOC_00018115/LOC_00018961/LOC_00024415/LOC_00012970/LOC_00012893/LOC_00023235/LOC_00009844/LOC_00002689/LOC_00018955/LOC_00011357/LOC_00016150/LOC_00012697/LOC_00009397/LOC_00023904	14
map04120	Ubiquitin mediated proteolysis	63/1599	325/8155	0.193846153846154	0.988627507576851	-0.103325274707231	0.564201651309074	0.999999749477744	0.942982219902258	LOC_00008440/LOC_00008192/LOC_00023110/LOC_00008025/LOC_00007195/LOC_00019030/LOC_00024875/LOC_00017589/LOC_00009124/LOC_00002502/LOC_00011713/LOC_00009700/LOC_00006615/LOC_00024031/LOC_00000329/LOC_00018541/LOC_00012219/LOC_00002330/LOC_00008378/LOC_00014586/LOC_00018044/LOC_00025453/LOC_00013023/LOC_00020456/LOC_00020619/LOC_00002656/LOC_00023448/LOC_00017888/LOC_00006221/LOC_00003312/LOC_00005150/LOC_00011708/LOC_00021457/LOC_00010598/LOC_00019631/LOC_00009528/LOC_00005464/LOC_00022786/LOC_00008138/LOC_00017400/LOC_00021246/LOC_00005612/LOC_00019435/LOC_00014041/LOC_00013535/LOC_00000240/LOC_00011331/LOC_00013606/LOC_00024720/LOC_00006122/LOC_00011463/LOC_00009717/LOC_00021291/LOC_00011707/LOC_00024090/LOC_00000904/LOC_00015739/LOC_00006732/LOC_00011333/LOC_00015439/LOC_00016691/LOC_00005313/LOC_00014443	63
map04150	mTOR signaling pathway	36/1599	186/8155	0.193548387096774	0.987108878532954	-0.0878284811201095	0.564963925548887	0.999999749477744	0.942982219902258	LOC_00022883/LOC_00021882/LOC_00005736/LOC_00011688/LOC_00005514/LOC_00015954/LOC_00000671/LOC_00006385/LOC_00011897/LOC_00007431/LOC_00007508/LOC_00005244/LOC_00011691/LOC_00008667/LOC_00014363/LOC_00010280/LOC_00024945/LOC_00000342/LOC_00011116/LOC_00002668/LOC_00017321/LOC_00008800/LOC_00021186/LOC_00020521/LOC_00013221/LOC_00020989/LOC_00020626/LOC_00011520/LOC_00018534/LOC_00011436/LOC_00008342/LOC_00010728/LOC_00012270/LOC_00012760/LOC_00016044/LOC_00017629	36
map04392	Hippo signaling pathway - multiple species	13/1599	67/8155	0.194029850746269	0.989564373255673	-0.0423570280105584	0.566113407550755	0.999999749477744	0.942982219902258	LOC_00006220/LOC_00006224/LOC_00022575/LOC_00024778/LOC_00013785/LOC_00017790/LOC_00022619/LOC_00024799/LOC_00025035/LOC_00024954/LOC_00024863/LOC_00022752/LOC_00024798	13
map03008	Ribosome biogenesis in eukaryotes	21/1599	109/8155	0.192660550458716	0.982580856154363	-0.0904149306184527	0.574776995582417	0.999999749477744	0.942982219902258	LOC_00012974/LOC_00011373/LOC_00006746/LOC_00003786/LOC_00008564/LOC_00005051/LOC_00025948/LOC_00003846/LOC_00022845/LOC_00007247/LOC_00000673/LOC_00011034/LOC_00022982/LOC_00009431/LOC_00016835/LOC_00020161/LOC_00004185/LOC_00007167/LOC_00012327/LOC_00016701/LOC_00012687	21
map00514	Other types of O-glycan biosynthesis	17/1599	89/8155	0.191011235955056	0.974169249039076	-0.121002136832768	0.590856141202578	0.999999749477744	0.942982219902258	LOC_00006140/LOC_00016175/LOC_00011934/LOC_00006896/LOC_00012162/LOC_00022801/LOC_00003905/LOC_00016601/LOC_00006139/LOC_00011862/LOC_00007029/LOC_00014168/LOC_00014886/LOC_00004212/LOC_00018734/LOC_00000347/LOC_00009208	17
map00512	Mucin type O-glycan biosynthesis	11/1599	58/8155	0.189655172413793	0.967253240171659	-0.123597695898555	0.601826868510431	0.999999749477744	0.942982219902258	LOC_00006140/LOC_00011934/LOC_00006896/LOC_00012162/LOC_00003905/LOC_00006139/LOC_00011862/LOC_00007029/LOC_00014168/LOC_00015485/LOC_00004212	11
map00410	beta-Alanine metabolism	7/1599	37/8155	0.189189189189189	0.964876696584014	-0.105745478547524	0.607827940155396	0.999999749477744	0.942982219902258	LOC_00007762/LOC_00021662/LOC_00015756/LOC_00015564/LOC_00002961/LOC_00003048/LOC_00000523	7
map00603	Glycosphingolipid biosynthesis - globo and isoglobo series	7/1599	37/8155	0.189189189189189	0.964876696584014	-0.105745478547524	0.607827940155396	0.999999749477744	0.942982219902258	LOC_00024297/LOC_00009997/LOC_00021677/LOC_00014138/LOC_00008811/LOC_00024619/LOC_00023702	7
map00400	Phenylalanine, tyrosine and tryptophan biosynthesis	2/1599	10/8155	0.2	1.02001250781739	0.0312713106041919	0.612368954930113	0.999999749477744	0.942982219902258	LOC_00006835/LOC_00006836	2
map01210	2-Oxocarboxylic acid metabolism	4/1599	21/8155	0.19047619047619	0.971440483635605	-0.0647140417861087	0.612746445799379	0.999999749477744	0.942982219902258	LOC_00017427/LOC_00006835/LOC_00006836/LOC_00009582	4
map00983	Drug metabolism - other enzymes	20/1599	106/8155	0.188679245283019	0.962275950771119	-0.193059147819464	0.615532742632854	0.999999749477744	0.942982219902258	LOC_00000595/LOC_00021242/LOC_00007762/LOC_00004350/LOC_00016981/LOC_00007579/LOC_00013743/LOC_00002769/LOC_00018603/LOC_00015756/LOC_00024527/LOC_00007578/LOC_00011582/LOC_00008306/LOC_00003048/LOC_00007580/LOC_00010917/LOC_00000285/LOC_00018675/LOC_00010463	20
map00450	Selenocompound metabolism	5/1599	27/8155	0.185185185185185	0.944456025756839	-0.142763471019911	0.633321497142032	0.999999749477744	0.942982219902258	LOC_00024526/LOC_00018126/LOC_00005308/LOC_00010366/LOC_00025601	5
map00620	Pyruvate metabolism	13/1599	70/8155	0.185714285714286	0.947154471544715	-0.219284212784362	0.634396897637159	0.999999749477744	0.942982219902258	LOC_00018115/LOC_00005931/LOC_00018961/LOC_00003603/LOC_00019837/LOC_00012893/LOC_00014033/LOC_00017942/LOC_00023235/LOC_00019365/LOC_00010184/LOC_00016150/LOC_00010287	13
map03018	RNA degradation	28/1599	150/8155	0.186666666666667	0.952011673962893	-0.29294809298505	0.647761392262475	0.999999749477744	0.942982219902258	LOC_00004276/LOC_00013873/LOC_00020667/LOC_00019316/LOC_00011255/LOC_00025948/LOC_00018856/LOC_00005850/LOC_00004985/LOC_00008666/LOC_00014052/LOC_00009115/LOC_00006715/LOC_00000348/LOC_00002462/LOC_00024733/LOC_00019148/LOC_00023963/LOC_00025676/LOC_00002834/LOC_00017236/LOC_00015227/LOC_00013056/LOC_00000325/LOC_00005482/LOC_00025704/LOC_00020933/LOC_00005775	28
map00591	Linoleic acid metabolism	4/1599	22/8155	0.181818181818182	0.927284098015805	-0.168657424000042	0.651468362577112	0.999999749477744	0.942982219902258	LOC_00009531/LOC_00012395/LOC_00014435/LOC_00000915	4
map04350	TGF-beta signaling pathway	16/1599	87/8155	0.183908045977012	0.937942535924033	-0.287382831250962	0.655521355862162	0.999999749477744	0.942982219902258	LOC_00008192/LOC_00019298/LOC_00011226/LOC_00010049/LOC_00018475/LOC_00008378/LOC_00019881/LOC_00005464/LOC_00011570/LOC_00018706/LOC_00003099/LOC_00013060/LOC_00006538/LOC_00005303/LOC_00022996/LOC_00000023	16
map00380	Tryptophan metabolism	13/1599	71/8155	0.183098591549296	0.933814267720142	-0.276611679251106	0.655902041800184	0.999999749477744	0.942982219902258	LOC_00018115/LOC_00018961/LOC_00009824/LOC_00024415/LOC_00018126/LOC_00003242/LOC_00025814/LOC_00025589/LOC_00025822/LOC_00011594/LOC_00012426/LOC_00021657/LOC_00018955	13
map00680	Methane metabolism	1/1599	5/8155	0.2	1.02001250781739	0.0221053718743055	0.664304935829771	0.999999749477744	0.942982219902258	LOC_00010287	1
map05152	Tuberculosis	2/1599	11/8155	0.181818181818182	0.927284098015805	-0.119178240295093	0.66632704856824	0.999999749477744	0.942982219902258	LOC_00021288/LOC_00007084	2
map00592	alpha-Linolenic acid metabolism	5/1599	28/8155	0.178571428571429	0.91072545340838	-0.233685438846241	0.666972631905562	0.999999749477744	0.942982219902258	LOC_00009531/LOC_00009497/LOC_00012395/LOC_00014435/LOC_00019665	5
map03013	RNA transport	44/1599	236/8155	0.186440677966102	0.950859117456885	-0.378315290682582	0.673208073830707	0.999999749477744	0.942982219902258	LOC_00012974/LOC_00010523/LOC_00025800/LOC_00003602/LOC_00011688/LOC_00024433/LOC_00005130/LOC_00005633/LOC_00020153/LOC_00024103/LOC_00023611/LOC_00025135/LOC_00021294/LOC_00023074/LOC_00003846/LOC_00007230/LOC_00009115/LOC_00014640/LOC_00013275/LOC_00018962/LOC_00008507/LOC_00023908/LOC_00002326/LOC_00006599/LOC_00008800/LOC_00002829/LOC_00003928/LOC_00017002/LOC_00014095/LOC_00005503/LOC_00005802/LOC_00013569/LOC_00014390/LOC_00007213/LOC_00023385/LOC_00024053/LOC_00021424/LOC_00006832/LOC_00007167/LOC_00014591/LOC_00022628/LOC_00022651/LOC_00013960/LOC_00008514	44
map00350	Tyrosine metabolism	10/1599	56/8155	0.178571428571429	0.91072545340838	-0.33105189650191	0.681998890893868	0.999999749477744	0.942982219902258	LOC_00010634/LOC_00015679/LOC_00009824/LOC_00023162/LOC_00006835/LOC_00023164/LOC_00007586/LOC_00006836/LOC_00006780/LOC_00008346	10
map03460	Fanconi anemia pathway	12/1599	67/8155	0.17910447761194	0.91344403685139	-0.351320859339809	0.685046456237231	0.999999749477744	0.942982219902258	LOC_00009652/LOC_00025634/LOC_00017424/LOC_00011091/LOC_00012665/LOC_00012271/LOC_00021227/LOC_00012797/LOC_00023073/LOC_00011520/LOC_00009855/LOC_00008340	12
map00130	Ubiquinone and other terpenoid-quinone biosynthesis	5/1599	29/8155	0.172413793103448	0.879321127428781	-0.321500717962875	0.698532043822035	0.999999749477744	0.942982219902258	LOC_00015679/LOC_00011089/LOC_00003488/LOC_00004230/LOC_00006909	5
map00740	Riboflavin metabolism	5/1599	29/8155	0.172413793103448	0.879321127428781	-0.321500717962875	0.698532043822035	0.999999749477744	0.942982219902258	LOC_00021343/LOC_00019906/LOC_00003738/LOC_00023707/LOC_00003739	5
map04137	Mitophagy - animal	17/1599	96/8155	0.177083333333333	0.903136074629977	-0.471462566767305	0.720331491425949	0.999999749477744	0.942982219902258	LOC_00023700/LOC_00011703/LOC_00012857/LOC_00023853/LOC_00010837/LOC_00024166/LOC_00012717/LOC_00004203/LOC_00015716/LOC_00019631/LOC_00018898/LOC_00010078/LOC_00006988/LOC_00023621/LOC_00005877/LOC_00014817/LOC_00018003	17
map04012	ErbB signaling pathway	5/1599	30/8155	0.166666666666667	0.850010423181155	-0.40644345581007	0.727959739025153	0.999999749477744	0.942982219902258	LOC_00008652/LOC_00014394/LOC_00017461/LOC_00004846/LOC_00024503	5
map01503	Cationic antimicrobial peptide (CAMP) resistance	1/1599	6/8155	0.166666666666667	0.850010423181155	-0.181499176578335	0.730167071732617	0.999999749477744	0.942982219902258	LOC_00012034	1
map04213	Longevity regulating pathway - multiple species	1/1599	6/8155	0.166666666666667	0.850010423181155	-0.181499176578335	0.730167071732617	0.999999749477744	0.942982219902258	LOC_00025209	1
map00330	Arginine and proline metabolism	19/1599	108/8155	0.175925925925926	0.897233224468997	-0.530930555571949	0.738487649514543	0.999999749477744	0.942982219902258	LOC_00012273/LOC_00000775/LOC_00021211/LOC_00021662/LOC_00002734/LOC_00005122/LOC_00006835/LOC_00000932/LOC_00010315/LOC_00015988/LOC_00006836/LOC_00020532/LOC_00021877/LOC_00002524/LOC_00018580/LOC_00013435/LOC_00017926/LOC_00010993/LOC_00021456	19
map00860	Porphyrin and chlorophyll metabolism	14/1599	82/8155	0.170731707317073	0.870742384722159	-0.580945914838358	0.760199009458345	0.999999749477744	0.942982219902258	LOC_00005231/LOC_00006561/LOC_00015133/LOC_00023630/LOC_00014629/LOC_00018603/LOC_00024495/LOC_00025236/LOC_00009242/LOC_00000383/LOC_00012804/LOC_00023707/LOC_00000285/LOC_00011194	14
map04146	Peroxisome	27/1599	154/8155	0.175324675324675	0.894166808800955	-0.654787273510809	0.77295523984572	0.999999749477744	0.942982219902258	LOC_00000827/LOC_00021675/LOC_00009871/LOC_00016981/LOC_00007579/LOC_00008143/LOC_00007065/LOC_00013743/LOC_00011434/LOC_00009988/LOC_00003310/LOC_00007699/LOC_00012502/LOC_00012691/LOC_00007578/LOC_00014456/LOC_00002961/LOC_00007042/LOC_00011582/LOC_00017755/LOC_00007580/LOC_00000523/LOC_00004936/LOC_00006477/LOC_00003427/LOC_00000198/LOC_00010463	27
map00280	Valine, leucine and isoleucine degradation	9/1599	55/8155	0.163636363636364	0.834555688214225	-0.607968094219184	0.777695665903063	0.999999749477744	0.942982219902258	LOC_00012731/LOC_00018115/LOC_00018961/LOC_00017427/LOC_00015564/LOC_00002414/LOC_00012766/LOC_00000181/LOC_00002912	9
map00460	Cyanoamino acid metabolism	1/1599	7/8155	0.142857142857143	0.728580362726704	-0.354776535667137	0.783113795539163	0.999999749477744	0.942982219902258	LOC_00010291	1
map03430	Mismatch repair	10/1599	62/8155	0.161290322580645	0.822590732110795	-0.692480408961632	0.800769177951181	0.999999749477744	0.942982219902258	LOC_00016282/LOC_00012665/LOC_00016809/LOC_00007952/LOC_00007587/LOC_00012797/LOC_00020281/LOC_00013174/LOC_00020221/LOC_00008340	10
map00534	Glycosaminoglycan biosynthesis - heparan sulfate / heparin	4/1599	27/8155	0.148148148148148	0.755564820605471	-0.628266434392461	0.804805148150168	0.999999749477744	0.942982219902258	LOC_00000041/LOC_00013235/LOC_00009647/LOC_00012483	4
map00590	Arachidonic acid metabolism	15/1599	91/8155	0.164835164835165	0.840669649300043	-0.754803771726129	0.811184892056747	0.999999749477744	0.942982219902258	LOC_00024325/LOC_00017034/LOC_00009531/LOC_00025858/LOC_00012522/LOC_00003083/LOC_00016292/LOC_00015892/LOC_00024757/LOC_00009497/LOC_00012395/LOC_00021106/LOC_00014435/LOC_00009001/LOC_00000915	15
map00970	Aminoacyl-tRNA biosynthesis	11/1599	69/8155	0.159420289855072	0.813053448260235	-0.770132140990362	0.82080771796386	0.999999749477744	0.942982219902258	LOC_00009247/LOC_00024737/LOC_00012567/LOC_00021524/LOC_00004179/LOC_00011883/LOC_00025236/LOC_00016444/LOC_00014016/LOC_00024885/LOC_00025555	11
map03010	Ribosome	39/1599	224/8155	0.174107142857143	0.887957317073171	-0.839718356150029	0.821979318090567	0.999999749477744	0.942982219902258	LOC_00012505/LOC_00011119/LOC_00010668/LOC_00019893/LOC_00024528/LOC_00000965/LOC_00011211/LOC_00021601/LOC_00017935/LOC_00020453/LOC_00005286/LOC_00008299/LOC_00017009/LOC_00005389/LOC_00020790/LOC_00013552/LOC_00012711/LOC_00016854/LOC_00003880/LOC_00017816/LOC_00003750/LOC_00012921/LOC_00011596/LOC_00019631/LOC_00014084/LOC_00015643/LOC_00006290/LOC_00003114/LOC_00013379/LOC_00021167/LOC_00024230/LOC_00013556/LOC_00000863/LOC_00015865/LOC_00003653/LOC_00005076/LOC_00012057/LOC_00023578/LOC_00013317	39
map00830	Retinol metabolism	12/1599	75/8155	0.16	0.816010006253909	-0.790513459840537	0.824770565489074	0.999999749477744	0.942982219902258	LOC_00013259/LOC_00025319/LOC_00025492/LOC_00014654/LOC_00018603/LOC_00007586/LOC_00019779/LOC_00015892/LOC_00015897/LOC_00011840/LOC_00000285/LOC_00008346	12
map04130	SNARE interactions in vesicular transport	8/1599	53/8155	0.150943396226415	0.769820760616895	-0.83022934355693	0.842722614785096	0.999999749477744	0.942982219902258	LOC_00013705/LOC_00007441/LOC_00011274/LOC_00020856/LOC_00015624/LOC_00025391/LOC_00017822/LOC_00008616	8
map00310	Lysine degradation	21/1599	128/8155	0.1640625	0.836729010318949	-0.919448675647001	0.849424095262995	0.999999749477744	0.942982219902258	LOC_00011514/LOC_00018115/LOC_00006638/LOC_00012104/LOC_00002749/LOC_00019749/LOC_00015461/LOC_00018961/LOC_00006028/LOC_00025589/LOC_00009446/LOC_00018200/LOC_00006138/LOC_00012245/LOC_00025822/LOC_00012912/LOC_00012426/LOC_00017059/LOC_00023927/LOC_00025907/LOC_00009208	21
map03410	Base excision repair	9/1599	60/8155	0.15	0.765009380863039	-0.902210416894601	0.858159825702456	0.999999749477744	0.942982219902258	LOC_00023878/LOC_00016809/LOC_00010974/LOC_00007587/LOC_00002539/LOC_00009389/LOC_00019331/LOC_00006133/LOC_00011104	9
map02020	Two-component system	5/1599	36/8155	0.138888888888889	0.708342019317629	-0.866091860744856	0.861508821834402	0.999999749477744	0.942982219902258	LOC_00000894/LOC_00002865/LOC_00012034/LOC_00015918/LOC_00019742	5
map03450	Non-homologous end-joining	2/1599	17/8155	0.117647058823529	0.600007357539639	-0.815281774451746	0.874329324932019	0.999999749477744	0.942982219902258	LOC_00022509/LOC_00006133	2
map00515	Mannose type O-glycan biosynthesis	4/1599	31/8155	0.129032258064516	0.658072585688636	-0.941932809698276	0.883548660299378	0.999999749477744	0.942982219902258	LOC_00024692/LOC_00014886/LOC_00024721/LOC_00000347	4
map04621	NOD-like receptor signaling pathway	27/1599	166/8155	0.162650602409639	0.82952824430932	-1.09584815405564	0.885771425601985	0.999999749477744	0.942982219902258	LOC_00020811/LOC_00003887/LOC_00019183/LOC_00012775/LOC_00025479/LOC_00009046/LOC_00002688/LOC_00021278/LOC_00017787/LOC_00009909/LOC_00011294/LOC_00024975/LOC_00014544/LOC_00009086/LOC_00011693/LOC_00012283/LOC_00002677/LOC_00009016/LOC_00005055/LOC_00009816/LOC_00023966/LOC_00009081/LOC_00024983/LOC_00004629/LOC_00003411/LOC_00004721/LOC_00021279	27
map04141	Protein processing in endoplasmic reticulum	60/1599	348/8155	0.172413793103448	0.879321127428781	-1.13623690076875	0.88720005482975	0.999999749477744	0.942982219902258	LOC_00012991/LOC_00008440/LOC_00008192/LOC_00015783/LOC_00018515/LOC_00025513/LOC_00012480/LOC_00016672/LOC_00000109/LOC_00019833/LOC_00021360/LOC_00012382/LOC_00022836/LOC_00003266/LOC_00012992/LOC_00012734/LOC_00019731/LOC_00013370/LOC_00012403/LOC_00019195/LOC_00003915/LOC_00007750/LOC_00025453/LOC_00003268/LOC_00005411/LOC_00005805/LOC_00002433/LOC_00014621/LOC_00000813/LOC_00000468/LOC_00018090/LOC_00005150/LOC_00000600/LOC_00021457/LOC_00007527/LOC_00003650/LOC_00008233/LOC_00007899/LOC_00018394/LOC_00024351/LOC_00017010/LOC_00016251/LOC_00025686/LOC_00008731/LOC_00021129/LOC_00009638/LOC_00005116/LOC_00007236/LOC_00004235/LOC_00011121/LOC_00021713/LOC_00006166/LOC_00007735/LOC_00011463/LOC_00019710/LOC_00022892/LOC_00003215/LOC_00019823/LOC_00013582/LOC_00015125	60
map01120	Microbial metabolism in diverse environments	1/1599	10/8155	0.1	0.510006253908693	-0.765658495574508	0.887393155607554	0.999999749477744	0.942982219902258	LOC_00003587	1
map01110	Biosynthesis of secondary metabolites	25/1599	155/8155	0.161290322580645	0.822590732110795	-1.10125342539583	0.887629169923499	0.999999749477744	0.942982219902258	LOC_00012273/LOC_00013305/LOC_00021156/LOC_00010634/LOC_00017381/LOC_00015809/LOC_00002734/LOC_00010737/LOC_00023630/LOC_00025921/LOC_00003422/LOC_00020634/LOC_00010291/LOC_00020761/LOC_00021359/LOC_00024495/LOC_00015960/LOC_00009242/LOC_00005290/LOC_00025069/LOC_00006786/LOC_00013435/LOC_00012723/LOC_00010287/LOC_00011194	25
map00260	Glycine, serine and threonine metabolism	9/1599	64/8155	0.140625	0.717196294559099	-1.12166739257265	0.904154119838057	0.999999749477744	0.942982219902258	LOC_00019391/LOC_00014024/LOC_00018961/LOC_00023235/LOC_00011879/LOC_00024560/LOC_00012697/LOC_00023904/LOC_00009815	9
map00360	Phenylalanine metabolism	5/1599	39/8155	0.128205128205128	0.653854171677811	-1.07006583775002	0.904370889951347	0.999999749477744	0.942982219902258	LOC_00015679/LOC_00009824/LOC_00006835/LOC_00006836/LOC_00003587	5
map00430	Taurine and hypotaurine metabolism	1/1599	11/8155	0.0909090909090909	0.463642049007903	-0.87906764577319	0.909499766311485	0.999999749477744	0.942982219902258	LOC_00003083	1
map00053	Ascorbate and aldarate metabolism	8/1599	60/8155	0.133333333333333	0.680008338544924	-1.22855887330513	0.923832581853776	0.999999749477744	0.942982219902258	LOC_00022738/LOC_00008287/LOC_00006473/LOC_00018603/LOC_00015840/LOC_00002455/LOC_00018473/LOC_00000285	8
map00563	Glycosylphosphatidylinositol (GPI)-anchor biosynthesis	3/1599	28/8155	0.107142857142857	0.546435272045028	-1.18725299140621	0.933078052449388	0.999999749477744	0.942982219902258	LOC_00010120/LOC_00003553/LOC_00010806	3
map00533	Glycosaminoglycan biosynthesis - keratan sulfate	2/1599	23/8155	0.0869565217391304	0.443483699051037	-1.31987631570086	0.95654190950625	0.999999749477744	0.942982219902258	LOC_00014886/LOC_00000347	2
map03030	DNA replication	23/1599	159/8155	0.144654088050314	0.737744895591191	-1.64921103587786	0.963929172077622	0.999999749477744	0.942982219902258	LOC_00006256/LOC_00006258/LOC_00024761/LOC_00012665/LOC_00016809/LOC_00025627/LOC_00011950/LOC_00006253/LOC_00018743/LOC_00007587/LOC_00013991/LOC_00006259/LOC_00010256/LOC_00012797/LOC_00020437/LOC_00004394/LOC_00021094/LOC_00013174/LOC_00020221/LOC_00012631/LOC_00003477/LOC_00019331/LOC_00006953	23
map00980	Metabolism of xenobiotics by cytochrome P450	8/1599	67/8155	0.119402985074627	0.60896269123426	-1.58717618465681	0.965949181803779	0.999999749477744	0.942982219902258	LOC_00017034/LOC_00021242/LOC_00018603/LOC_00007586/LOC_00024527/LOC_00024757/LOC_00000285/LOC_00008346	8
map00040	Pentose and glucuronate interconversions	16/1599	118/8155	0.135593220338983	0.691533903605007	-1.66683100414458	0.967495375699905	0.999999749477744	0.942982219902258	LOC_00003319/LOC_00003177/LOC_00025341/LOC_00025940/LOC_00015987/LOC_00026008/LOC_00006996/LOC_00019864/LOC_00018603/LOC_00007916/LOC_00006582/LOC_00023413/LOC_00024896/LOC_00021392/LOC_00007849/LOC_00000285	16
map05142	Chagas disease	1/1599	16/8155	0.0625	0.318753908692933	-1.34700312592026	0.969669554180284	0.999999749477744	0.942982219902258	LOC_00008538	1
map03060	Protein export	4/1599	41/8155	0.0975609756097561	0.497567076984091	-1.59273172032766	0.972412698907687	0.999999749477744	0.942982219902258	LOC_00019485/LOC_00016102/LOC_00018394/LOC_00021129	4
map03440	Homologous recombination	14/1599	115/8155	0.121739130434783	0.620877178671452	-2.02204555840446	0.987672832749444	0.999999749477744	0.942982219902258	LOC_00023654/LOC_00002737/LOC_00025634/LOC_00012665/LOC_00016809/LOC_00022509/LOC_00011787/LOC_00012797/LOC_00023073/LOC_00025720/LOC_00020138/LOC_00008410/LOC_00025517/LOC_00009855	14
map04712	Circadian rhythm - plant	2/1599	30/8155	0.0666666666666667	0.340004169272462	-1.78846418498218	0.98818475054933	0.999999749477744	0.942982219902258	LOC_00015392/LOC_00018184	2
map05144	Malaria	1/1599	21/8155	0.0476190476190476	0.242860120908901	-1.71563065523465	0.989842618200477	0.999999749477744	0.942982219902258	LOC_00003914	1
map00982	Drug metabolism - cytochrome P450	8/1599	81/8155	0.0987654320987654	0.503709880403647	-2.21678655630929	0.99437769922873	0.999999749477744	0.942982219902258	LOC_00017034/LOC_00021242/LOC_00018603/LOC_00007586/LOC_00024527/LOC_00021015/LOC_00000285/LOC_00008346	8
map00480	Glutathione metabolism	18/1599	149/8155	0.120805369127517	0.616114937607817	-2.33548276997197	0.994876670575687	0.999999749477744	0.942982219902258	LOC_00007614/LOC_00017034/LOC_00021242/LOC_00004350/LOC_00012873/LOC_00007038/LOC_00021211/LOC_00013412/LOC_00007607/LOC_00002769/LOC_00007066/LOC_00003083/LOC_00024527/LOC_00023936/LOC_00011509/LOC_00015405/LOC_00010047/LOC_00018466	18
map00532	Glycosaminoglycan biosynthesis - chondroitin sulfate / dermatan sulfate	1/1599	29/8155	0.0344827586206897	0.175864225485756	-2.19558102889014	0.998238238489529	0.999999749477744	0.942982219902258	LOC_00021461	1
map00601	Glycosphingolipid biosynthesis - lacto and neolacto series	8/1599	96/8155	0.0833333333333333	0.425005211590577	-2.7986530360582	0.999342489950314	0.999999749477744	0.942982219902258	LOC_00019327/LOC_00007865/LOC_00011836/LOC_00014886/LOC_00008960/LOC_00020990/LOC_00016736/LOC_00000347	8
map00340	Histidine metabolism	1/1599	34/8155	0.0294117647058824	0.15000183938491	-2.45269080064464	0.99941115620102	0.999999749477744	0.942982219902258	LOC_00022574	1
map04080	Neuroactive ligand-receptor interaction	49/1599	443/8155	0.110609480812641	0.564115269560405	-4.65886494641892	0.999999749477744	0.999999749477744	0.942982219902258	LOC_00024828/LOC_00003306/LOC_00020931/LOC_00008020/LOC_00015161/LOC_00018855/LOC_00000244/LOC_00025073/LOC_00006190/LOC_00014207/LOC_00019022/LOC_00017751/LOC_00012280/LOC_00011854/LOC_00007264/LOC_00025159/LOC_00016778/LOC_00012377/LOC_00010386/LOC_00000478/LOC_00010026/LOC_00025425/LOC_00012114/LOC_00007046/LOC_00018079/LOC_00005284/LOC_00002824/LOC_00007890/LOC_00005312/LOC_00005708/LOC_00015367/LOC_00018794/LOC_00000956/LOC_00005986/LOC_00011667/LOC_00004615/LOC_00011723/LOC_00017092/LOC_00005837/LOC_00017691/LOC_00004920/LOC_00011805/LOC_00011379/LOC_00018628/LOC_00011218/LOC_00006102/LOC_00016783/LOC_00011973/LOC_00018894	49
