motif_name	OR	p	n_spike	n_flank	padj	log2OR	neglog10p
Arnt	0	1	4636	0	1	-6.64385618977472	0
br	0	1	30255	0	1	-6.64385618977472	0
dl	0	1	8264	0	1	-6.64385618977472	0
Eip74EF	0	1	2008	0	1	-6.64385618977472	0
hb	0	1	6545	0	1	-6.64385618977472	0
PAX6	0	1	2262	0	1	-6.64385618977472	0
RORA	0	1	5731	0	1	-6.64385618977472	0
RXRA::VDR	0	1	2718	0	1	-6.64385618977472	0
REL	0	1	3218	0	1	-6.64385618977472	0
RELA	0	1	2642	0	1	-6.64385618977472	0
Spz1	0	1	2383	0	1	-6.64385618977472	0
NR1H2::RXRA	0	1	4123	0	1	-6.64385618977472	0
Znf423	0	1	2259	0	1	-6.64385618977472	0
NFIC::TLX1	0	1	3291	0	1	-6.64385618977472	0
ZNF354C	0	1	9343	0	1	-6.64385618977472	0
Pou5f1::Sox2	0	1	3753	0	1	-6.64385618977472	0
EWSR1-FLI1	0	1	7970	0	1	-6.64385618977472	0
Arid3a	0	1	15811	0	1	-6.64385618977472	0
INSM1	0	1	3924	0	1	-6.64385618977472	0
RARA::RXRA	0	1	3035	0	1	-6.64385618977472	0
PLAG1	0	1	5557	0	1	-6.64385618977472	0
Abd-B	0	1	5827	0	1	-6.64385618977472	0
Antp	0	1	7580	0	1	-6.64385618977472	0
Awh	0	1	7580	0	1	-6.64385618977472	0
B-H1	0	1	5724	0	1	-6.64385618977472	0
B-H2	0	1	5724	0	1	-6.64385618977472	0
C15	0	1	7580	0	1	-6.64385618977472	0
CG11085	0	1	5724	0	1	-6.64385618977472	0
CG11294	0	1	7580	0	1	-6.64385618977472	0
CG11617	0	1	6732	0	1	-6.64385618977472	0
Dbx	0	1	10710	0	1	-6.64385618977472	0
lms	0	1	5724	0	1	-6.64385618977472	0
CG15696	0	1	7580	0	1	-6.64385618977472	0
CG18599	0	1	7580	0	1	-6.64385618977472	0
CG32105	0	1	7580	0	1	-6.64385618977472	0
CG32532	0	1	7580	0	1	-6.64385618977472	0
Vsx2	0	1	2422	0	1	-6.64385618977472	0
Vsx1	0	1	7580	0	1	-6.64385618977472	0
CG4328	0	1	10710	0	1	-6.64385618977472	0
HHEX	0	1	4161	0	1	-6.64385618977472	0
Dfd	0	1	5746	0	1	-6.64385618977472	0
Dll	0	1	4660	0	1	-6.64385618977472	0
Dr	0	1	3938	0	1	-6.64385618977472	0
Gsc	0	1	8249	0	1	-6.64385618977472	0
HGTX	0	1	7580	0	1	-6.64385618977472	0
Hmx	0	1	5724	0	1	-6.64385618977472	0
schlank	0	1	3792	0	1	-6.64385618977472	0
Lim1	0	1	7580	0	1	-6.64385618977472	0
NK7.1	0	1	5724	0	1	-6.64385618977472	0
OdsH	0	1	4188	0	1	-6.64385618977472	0
Optix	0	1	17645	0	1	-6.64385618977472	0
Ptx1	0	1	2911	0	1	-6.64385618977472	0
Rx	0	1	7580	0	1	-6.64385618977472	0
Scr	0	1	5746	0	1	-6.64385618977472	0
Six4	0	1	12813	0	1	-6.64385618977472	0
abd-A	0	1	7580	0	1	-6.64385618977472	0
achi	0	1	12347	0	1	-6.64385618977472	0
al	0	1	7580	0	1	-6.64385618977472	0
ap	0	1	5735	0	1	-6.64385618977472	0
ara	0	1	17756	0	1	-6.64385618977472	0
bap	0	1	4877	0	1	-6.64385618977472	0
bcd	0	1	8249	0	1	-6.64385618977472	0
brk	0	1	2532	0	1	-6.64385618977472	0
bsh	0	1	7580	0	1	-6.64385618977472	0
btn	0	1	5746	0	1	-6.64385618977472	0
caup	0	1	17756	0	1	-6.64385618977472	0
ct	0	1	13063	0	1	-6.64385618977472	0
ems	0	1	7580	0	1	-6.64385618977472	0
en	0	1	7580	0	1	-6.64385618977472	0
eve	0	1	7580	0	1	-6.64385618977472	0
exex	0	1	4660	0	1	-6.64385618977472	0
ftz	0	1	7580	0	1	-6.64385618977472	0
hbn	0	1	7580	0	1	-6.64385618977472	0
hth	0	1	12347	0	1	-6.64385618977472	0
ind	0	1	7580	0	1	-6.64385618977472	0
inv	0	1	2342	0	1	-6.64385618977472	0
lab	0	1	7580	0	1	-6.64385618977472	0
lbe	0	1	10894	0	1	-6.64385618977472	0
lbl	0	1	10894	0	1	-6.64385618977472	0
mirr	0	1	18069	0	1	-6.64385618977472	0
oc	0	1	8249	0	1	-6.64385618977472	0
onecut	0	1	9183	0	1	-6.64385618977472	0
otp	0	1	7580	0	1	-6.64385618977472	0
pb	0	1	7580	0	1	-6.64385618977472	0
repo	0	1	7580	0	1	-6.64385618977472	0
ro	0	1	4188	0	1	-6.64385618977472	0
Bgb::run	0	1	2952	0	1	-6.64385618977472	0
slbo	0	1	2396	0	1	-6.64385618977472	0
slou	0	1	7580	0	1	-6.64385618977472	0
so	0	1	9266	0	1	-6.64385618977472	0
tup	0	1	5724	0	1	-6.64385618977472	0
unc-4	0	1	5724	0	1	-6.64385618977472	0
unpg	0	1	7580	0	1	-6.64385618977472	0
vnd	0	1	2736	0	1	-6.64385618977472	0
vvl	0	1	13069	0	1	-6.64385618977472	0
zen	0	1	4424	0	1	-6.64385618977472	0
che-1	0	1	10367	0	1	-6.64385618977472	0
lin-14	0	1	11851	0	1	-6.64385618977472	0
mab-3	0	1	4187	0	1	-6.64385618977472	0
ceh-10::ttx-3	0	1	3209	0	1	-6.64385618977472	0
CG34031	0	1	5724	0	1	-6.64385618977472	0
D	0	1	6167	0	1	-6.64385618977472	0
fkh	0	1	4604	0	1	-6.64385618977472	0
gt	0	1	866	0	1	-6.64385618977472	0
H2.0	0	1	7580	0	1	-6.64385618977472	0
h	0	1	1735	0	1	-6.64385618977472	0
hkb	0	1	3299	0	1	-6.64385618977472	0
odd	0	1	3693	0	1	-6.64385618977472	0
opa	0	1	3238	0	1	-6.64385618977472	0
tll	0	1	4748	0	1	-6.64385618977472	0
ttk	0	1	2328	0	1	-6.64385618977472	0
Tfcp2l1	0	1	3455	0	1	-6.64385618977472	0
DUX4	0	1	2428	0	1	-6.64385618977472	0
Sox6	0	1	6284	0	1	-6.64385618977472	0
ESR2	0	1	3098	0	1	-6.64385618977472	0
cad	0	1	4395	0	1	-6.64385618977472	0
su(Hw)	0	1	3849	0	1	-6.64385618977472	0
EcR::usp	0	1	3614	0	1	-6.64385618977472	0
pan	0	1	4065	0	1	-6.64385618977472	0
Mad	0	1	4102	0	1	-6.64385618977472	0
blmp-1	0	1	9077	0	1	-6.64385618977472	0
elt-3	0	1	1873	0	1	-6.64385618977472	0
snpc-4	0	1	3504	0	1	-6.64385618977472	0
pha-4	0	1	4429	0	1	-6.64385618977472	0
SREBF1	0	1	4903	0	1	-6.64385618977472	0
SREBF2	0	1	4774	0	1	-6.64385618977472	0
KLF5	0	1	7212	0	1	-6.64385618977472	0
Atf1	0	1	1341	0	1	-6.64385618977472	0
Creb3l2	0	1	3036	0	1	-6.64385618977472	0
FOXG1	0	1	4443	0	1	-6.64385618977472	0
Foxj2	0	1	5034	0	1	-6.64385618977472	0
BHLHE41	0	1	2427	0	1	-6.64385618977472	0
ELF4	0	1	3606	0	1	-6.64385618977472	0
FOXI1	0	1	7118	0	1	-6.64385618977472	0
FOXL1	0	1	9387	0	1	-6.64385618977472	0
HNF1B	0	1	2508	0	1	-6.64385618977472	0
HSF1	0	1	2356	0	1	-6.64385618977472	0
IRF9	0	1	5006	0	1	-6.64385618977472	0
JDP2	0	1	4261	0	1	-6.64385618977472	0
MEF2B	0	1	3888	0	1	-6.64385618977472	0
MLX	0	1	2270	0	1	-6.64385618977472	0
MSC	0	1	3636	0	1	-6.64385618977472	0
MYF6	0	1	3036	0	1	-6.64385618977472	0
NEUROG2	0	1	7198	0	1	-6.64385618977472	0
Nr2e1	0	1	3869	0	1	-6.64385618977472	0
OLIG2	0	1	2649	0	1	-6.64385618977472	0
PAX4	0	1	652	0	1	-6.64385618977472	0
Rxra	0	1	3927	0	1	-6.64385618977472	0
SRF	0	1	1743	0	1	-6.64385618977472	0
TBXT	0	1	1617	0	1	-6.64385618977472	0
TBX20	0	1	2718	0	1	-6.64385618977472	0
TFAP4	0	1	4558	0	1	-6.64385618977472	0
ZIC1	0	1	2901	0	1	-6.64385618977472	0
PHOX2A	0	1	3047	0	1	-6.64385618977472	0
PROP1	0	1	3098	0	1	-6.64385618977472	0
VENTX	0	1	1854	0	1	-6.64385618977472	0
Nr2F6	0	1	3531	0	1	-6.64385618977472	0
RARA	0	1	6344	0	1	-6.64385618977472	0
BCL6B	0	1	2683	0	1	-6.64385618977472	0
EGR2	0	1	3912	0	1	-6.64385618977472	0
GLIS2	0	1	2955	0	1	-6.64385618977472	0
GLIS3	0	1	2558	0	1	-6.64385618977472	0
KLF16	0	1	7891	0	1	-6.64385618977472	0
ZNF143	0	1	3105	0	1	-6.64385618977472	0
E2F7	0	1	2970	0	1	-6.64385618977472	0
HSF2	0	1	2292	0	1	-6.64385618977472	0
HSF4	0	1	2629	0	1	-6.64385618977472	0
MEF2D	0	1	4296	0	1	-6.64385618977472	0
MEIS2	0	1	7224	0	1	-6.64385618977472	0
MYBL1	0	1	1245	0	1	-6.64385618977472	0
MYBL2	0	1	1497	0	1	-6.64385618977472	0
NFKB1	0	1	1554	0	1	-6.64385618977472	0
PAX3	0	1	4061	0	1	-6.64385618977472	0
PKNOX2	0	1	3308	0	1	-6.64385618977472	0
POU3F2	0	1	3308	0	1	-6.64385618977472	0
POU3F3	0	1	3853	0	1	-6.64385618977472	0
POU3F4	0	1	2872	0	1	-6.64385618977472	0
POU5F1B	0	1	2576	0	1	-6.64385618977472	0
PROX1	0	1	1969	0	1	-6.64385618977472	0
SMAD3	0	1	2103	0	1	-6.64385618977472	0
TGIF1	0	1	2937	0	1	-6.64385618977472	0
TGIF2	0	1	2714	0	1	-6.64385618977472	0
RUNX2	0	1	3266	0	1	-6.64385618977472	0
MGA	0	1	1950	0	1	-6.64385618977472	0
TBX15	0	1	2021	0	1	-6.64385618977472	0
TBX1	0	1	2392	0	1	-6.64385618977472	0
TBX4	0	1	2501	0	1	-6.64385618977472	0
TBX5	0	1	2375	0	1	-6.64385618977472	0
TEAD3	0	1	2949	0	1	-6.64385618977472	0
TFAP2B	0	1	8001	0	1	-6.64385618977472	0
TFAP2C	0	1	9013	0	1	-6.64385618977472	0
Ascl2	0	1	3924	0	1	-6.64385618977472	0
HES7	0	1	1707	0	1	-6.64385618977472	0
HEY1	0	1	1909	0	1	-6.64385618977472	0
OLIG1	0	1	2349	0	1	-6.64385618977472	0
OLIG3	0	1	2567	0	1	-6.64385618977472	0
CEBPG	0	1	4743	0	1	-6.64385618977472	0
FOXB1	0	1	5937	0	1	-6.64385618977472	0
FOXC1	0	1	6631	0	1	-6.64385618977472	0
FOXO4	0	1	7118	0	1	-6.64385618977472	0
FOXO6	0	1	7118	0	1	-6.64385618977472	0
FOXP3	0	1	7118	0	1	-6.64385618977472	0
RXRB	0	1	5326	0	1	-6.64385618977472	0
RXRG	0	1	6285	0	1	-6.64385618977472	0
Rarb	0	1	6913	0	1	-6.64385618977472	0
Rarg	0	1	7195	0	1	-6.64385618977472	0
TP63	0	1	2511	0	1	-6.64385618977472	0
TP53	0	1	2104	0	1	-6.64385618977472	0
GMEB2	0	1	799	0	1	-6.64385618977472	0
MTF1	0	1	4782	0	1	-6.64385618977472	0
E2F1	0	1	1731	0	1	-6.64385618977472	0
SOX21	0	1	4403	0	1	-6.64385618977472	0
Sox1	0	1	3403	0	1	-6.64385618977472	0
TFAP2A	0	1	8973	0	1	-6.64385618977472	0
Ets21C	0	1	3100	0	1	-6.64385618977472	0
gcm2	0	1	1974	0	1	-6.64385618977472	0
ces-2	0	1	2009	0	1	-6.64385618977472	0
pal-1	0	1	2420	0	1	-6.64385618977472	0
unc-86	0	1	1964	0	1	-6.64385618977472	0
vab-7	0	1	1959	0	1	-6.64385618977472	0
ZNF24	0	1	4775	0	1	-6.64385618977472	0
ZSCAN4	0	1	5782	0	1	-6.64385618977472	0
FOSB::JUN	0	1	2859	0	1	-6.64385618977472	0
FOSL1::JUN	0	1	4732	0	1	-6.64385618977472	0
FOSB::JUNB	0	1	4408	0	1	-6.64385618977472	0
IRF5	0	1	3059	0	1	-6.64385618977472	0
TCF7L1	0	1	4985	0	1	-6.64385618977472	0
fkh-9	0	1	8189	0	1	-6.64385618977472	0
mab-5	0	1	3292	0	1	-6.64385618977472	0
ceh-28	0	1	758	0	1	-6.64385618977472	0
fos-1	0	1	3817	0	1	-6.64385618977472	0
nhr-6	0	1	5168	0	1	-6.64385618977472	0
ATOH7	0	1	2742	0	1	-6.64385618977472	0
FERD3L	0	1	3084	0	1	-6.64385618977472	0
FOXN3	0	1	4400	0	1	-6.64385618977472	0
HES6	0	1	3153	0	1	-6.64385618977472	0
IRF6	0	1	1625	0	1	-6.64385618977472	0
NR2F1	0	1	10601	0	1	-6.64385618977472	0
NR2F6	0	1	2600	0	1	-6.64385618977472	0
SMAD5	0	1	2091	0	1	-6.64385618977472	0
TGIF2LX	0	1	1971	0	1	-6.64385618977472	0
TGIF2LY	0	1	1908	0	1	-6.64385618977472	0
ZBTB32	0	1	3538	0	1	-6.64385618977472	0
ZNF135	0	1	4449	0	1	-6.64385618977472	0
ZNF136	0	1	3113	0	1	-6.64385618977472	0
ZNF382	0	1	3662	0	1	-6.64385618977472	0
ZNF460	0	1	5266	0	1	-6.64385618977472	0
ZNF528	0	1	3628	0	1	-6.64385618977472	0
HOXA5	0	1	698	0	1	-6.64385618977472	0
HOXD3	0	1	1039	0	1	-6.64385618977472	0
NEUROG1	0	1	2039	0	1	-6.64385618977472	0
HOXB1	0	1	4660	0	1	-6.64385618977472	0
PAX8	0	1	2931	0	1	-6.64385618977472	0
Sox7	0	1	4227	0	1	-6.64385618977472	0
ZNF524	0	1	3733	0	1	-6.64385618977472	0
ZNF707	0	1	3484	0	1	-6.64385618977472	0
ZNF75A	0	1	4347	0	1	-6.64385618977472	0
ZNF766	0	1	2874	0	1	-6.64385618977472	0
ZNF770	0	1	3253	0	1	-6.64385618977472	0
ZNF8	0	1	3483	0	1	-6.64385618977472	0
ZSCAN16	0	1	2823	0	1	-6.64385618977472	0
ZNF677	0	1	4935	0	1	-6.64385618977472	0
Foxn1	0	1	8224	0	1	-6.64385618977472	0
Clamp	0	1	6546	0	1	-6.64385618977472	0
ZBTB17	0	1	1089	0	1	-6.64385618977472	0
cg	0	1	6673	0	1	-6.64385618977472	0
sqz	0	1	17185	0	1	-6.64385618977472	0
Gsx	0	1	6341	0	1	-6.64385618977472	0
Klf15	0	1	9435	0	1	-6.64385618977472	0
Klf6-7-like	0	1	8300	0	1	-6.64385618977472	0
Arid3	0	1	14950	0	1	-6.64385618977472	0
Cdx	0	1	2389	0	1	-6.64385618977472	0
HNF4	0	1	3407	0	1	-6.64385618977472	0
Meis	0	1	12347	0	1	-6.64385618977472	0
Pax2-5-8-a	0	1	1663	0	1	-6.64385618977472	0
Pax3-7-like	0	1	13906	0	1	-6.64385618977472	0
Pax6	0	1	14950	0	1	-6.64385618977472	0
Pou4	0	1	16291	0	1	-6.64385618977472	0
ELK1::HOXA1	0	1	2235	0	1	-6.64385618977472	0
HOXB2::ELK1	0	1	2777	0	1	-6.64385618977472	0
POU2F1::SOX2	0	1	4264	0	1	-6.64385618977472	0
ZFP14	0	1	6030	0	1	-6.64385618977472	0
ZNF418	0	1	4435	0	1	-6.64385618977472	0
ZNF669	0	1	4132	0	1	-6.64385618977472	0
FOXP4	0	1	7118	0	1	-6.64385618977472	0
FOXS1	0	1	3552	0	1	-6.64385618977472	0
HOXA3	0	1	4660	0	1	-6.64385618977472	0
ZNF184	0	1	4014	0	1	-6.64385618977472	0
ZNF213	0	1	3990	0	1	-6.64385618977472	0
Ebf4	0	1	2556	0	1	-6.64385618977472	0
Hand1	0	1	3271	0	1	-6.64385618977472	0
Hmga1	0	1	5141	0	1	-6.64385618977472	0
Zfp809	0	1	3735	0	1	-6.64385618977472	0
Zfp961	0	1	3438	0	1	-6.64385618977472	0
SP1	0	1	6882	0	1	-6.64385618977472	0
RFX1	0	1	2325	0	1	-6.64385618977472	0
SP2	0	1	6349	0	1	-6.64385618977472	0
BHLHA15	0	1	1779	0	1	-6.64385618977472	0
SP4	0	1	6886	0	1	-6.64385618977472	0
KLF14	0	1	6842	0	1	-6.64385618977472	0
KLF12	0	1	6135	0	1	-6.64385618977472	0
RFX3	0	1	2720	0	1	-6.64385618977472	0
BHLHE22	0	1	8605	0	1	-6.64385618977472	0
HES5	0	1	1405	0	1	-6.64385618977472	0
TFE3	0	1	2403	0	1	-6.64385618977472	0
CDX1	0	1	3375	0	1	-6.64385618977472	0
DUXA	0	1	1550	0	1	-6.64385618977472	0
KLF10	0	1	6713	0	1	-6.64385618977472	0
NR1D2	0	1	2746	0	1	-6.64385618977472	0
PITX2	0	1	1689	0	1	-6.64385618977472	0
SOX18	0	1	2554	0	1	-6.64385618977472	0
Thap11	0	1	2917	0	1	-6.64385618977472	0
ZNF75D	0	1	3064	0	1	-6.64385618977472	0
BACH1	0	1	2528	0	1	-6.64385618977472	0
atf-2	0	1	1750	0	1	-6.64385618977472	0
ceh-18	0	1	1536	0	1	-6.64385618977472	0
ceh-23	0	1	10894	0	1	-6.64385618977472	0
dmd-10	0	1	2624	0	1	-6.64385618977472	0
egl-38	0	1	3229	0	1	-6.64385618977472	0
egrh-1	0	1	3477	0	1	-6.64385618977472	0
elt-7	0	1	4537	0	1	-6.64385618977472	0
end-3	0	1	13876	0	1	-6.64385618977472	0
jun-1	0	1	2435	0	1	-6.64385618977472	0
klf-3	0	1	5520	0	1	-6.64385618977472	0
klu-1	0	1	2213	0	1	-6.64385618977472	0
klu-2	0	1	2785	0	1	-6.64385618977472	0
let-381	0	1	5538	0	1	-6.64385618977472	0
lin-31	0	1	3361	0	1	-6.64385618977472	0
lin-48	0	1	2315	0	1	-6.64385618977472	0
nhr-142	0	1	2402	0	1	-6.64385618977472	0
nhr-25	0	1	2312	0	1	-6.64385618977472	0
nhr-5	0	1	2644	0	1	-6.64385618977472	0
nhr-70	0	1	3839	0	1	-6.64385618977472	0
nhr-86	0	1	2747	0	1	-6.64385618977472	0
nsy-7	0	1	8539	0	1	-6.64385618977472	0
odd-2	0	1	2749	0	1	-6.64385618977472	0
odr-7	0	1	4876	0	1	-6.64385618977472	0
pag-3	0	1	17817	0	1	-6.64385618977472	0
pax-2	0	1	2278	0	1	-6.64385618977472	0
ref-1	0	1	2254	0	1	-6.64385618977472	0
sex-1	0	1	3473	0	1	-6.64385618977472	0
snai-1	0	1	3800	0	1	-6.64385618977472	0
sptf-3	0	1	3484	0	1	-6.64385618977472	0
xbp-1	0	1	2558	0	1	-6.64385618977472	0
atfs-1	0	1	3580	0	1	-6.64385618977472	0
ceh-14	0	1	2318	0	1	-6.64385618977472	0
ceh-36	0	1	8249	0	1	-6.64385618977472	0
ceh-39	0	1	1642	0	1	-6.64385618977472	0
ceh-43	0	1	7742	0	1	-6.64385618977472	0
ceh-60	0	1	3105	0	1	-6.64385618977472	0
cnd-1	0	1	3619	0	1	-6.64385618977472	0
egl-27	0	1	3181	0	1	-6.64385618977472	0
elt-1	0	1	2079	0	1	-6.64385618977472	0
ets-7	0	1	3055	0	1	-6.64385618977472	0
fkh-3	0	1	3234	0	1	-6.64385618977472	0
hif-1	0	1	2267	0	1	-6.64385618977472	0
hsf-1	0	1	2404	0	1	-6.64385618977472	0
lin-32	0	1	4192	0	1	-6.64385618977472	0
lsl-1	0	1	2590	0	1	-6.64385618977472	0
mdl-1	0	1	4636	0	1	-6.64385618977472	0
mef-2	0	1	8481	0	1	-6.64385618977472	0
mls-2	0	1	670	0	1	-6.64385618977472	0
mxl-1	0	1	2070	0	1	-6.64385618977472	0
mxl-3	0	1	2061	0	1	-6.64385618977472	0
nfya-1	0	1	3349	0	1	-6.64385618977472	0
sta-1	0	1	3188	0	1	-6.64385618977472	0
ceh-10	0	1	4836	0	1	-6.64385618977472	0
F10B5.3	0	1	3797	0	1	-6.64385618977472	0
lsy-2	0	1	2617	0	1	-6.64385618977472	0
nfi-1	0	1	2194	0	1	-6.64385618977472	0
nhr-33	0	1	2577	0	1	-6.64385618977472	0
sox-3	0	1	3804	0	1	-6.64385618977472	0
tbx-37	0	1	3925	0	1	-6.64385618977472	0
tbx-38	0	1	3890	0	1	-6.64385618977472	0
ztf-6	0	1	4330	0	1	-6.64385618977472	0
acj6	0	1	1662	0	1	-6.64385618977472	0
Adf1	0	1	1954	0	1	-6.64385618977472	0
Aef1	0	1	5639	0	1	-6.64385618977472	0
amos	0	1	3131	0	1	-6.64385618977472	0
Atf-2	0	1	2852	0	1	-6.64385618977472	0
Atf3	0	1	6444	0	1	-6.64385618977472	0
Atf6	0	1	2706	0	1	-6.64385618977472	0
ato	0	1	3398	0	1	-6.64385618977472	0
bigmax	0	1	2793	0	1	-6.64385618977472	0
bin	0	1	9387	0	1	-6.64385618977472	0
Blimp-1	0	1	3831	0	1	-6.64385618977472	0
bowl	0	1	3327	0	1	-6.64385618977472	0
bs	0	1	1916	0	1	-6.64385618977472	0
Bteb2	0	1	2762	0	1	-6.64385618977472	0
byn	0	1	2918	0	1	-6.64385618977472	0
CG12605	0	1	3512	0	1	-6.64385618977472	0
CG4360	0	1	7460	0	1	-6.64385618977472	0
CG7928	0	1	4127	0	1	-6.64385618977472	0
CHES-1-like	0	1	5371	0	1	-6.64385618977472	0
ci	0	1	4909	0	1	-6.64385618977472	0
crc	0	1	2162	0	1	-6.64385618977472	0
CrebA	0	1	1546	0	1	-6.64385618977472	0
CrebB	0	1	1990	0	1	-6.64385618977472	0
croc	0	1	4093	0	1	-6.64385618977472	0
dar1	0	1	4302	0	1	-6.64385618977472	0
Dif	0	1	1680	0	1	-6.64385618977472	0
dimm	0	1	1722	0	1	-6.64385618977472	0
dm	0	1	3008	0	1	-6.64385618977472	0
Doc2	0	1	2659	0	1	-6.64385618977472	0
dpn	0	1	3822	0	1	-6.64385618977472	0
dsf	0	1	4759	0	1	-6.64385618977472	0
E(spl)m3-HLH	0	1	3029	0	1	-6.64385618977472	0
E(spl)mbeta-HLH	0	1	2735	0	1	-6.64385618977472	0
E(spl)mdelta-HLH	0	1	2318	0	1	-6.64385618977472	0
E(spl)mgamma-HLH	0	1	2088	0	1	-6.64385618977472	0
EcR	0	1	1536	0	1	-6.64385618977472	0
Eip75B	0	1	3149	0	1	-6.64385618977472	0
erm	0	1	5112	0	1	-6.64385618977472	0
ERR	0	1	2856	0	1	-6.64385618977472	0
esg	0	1	3353	0	1	-6.64385618977472	0
Ets65A	0	1	2599	0	1	-6.64385618977472	0
Ets96B	0	1	2740	0	1	-6.64385618977472	0
Ets97D	0	1	3184	0	1	-6.64385618977472	0
Ets98B	0	1	1628	0	1	-6.64385618977472	0
fd59A	0	1	6782	0	1	-6.64385618977472	0
Fer1	0	1	3487	0	1	-6.64385618977472	0
Fer2	0	1	3713	0	1	-6.64385618977472	0
FoxL1	0	1	3174	0	1	-6.64385618977472	0
foxo	0	1	3321	0	1	-6.64385618977472	0
FoxP	0	1	5464	0	1	-6.64385618977472	0
GATAe	0	1	2026	0	1	-6.64385618977472	0
gsb	0	1	2014	0	1	-6.64385618977472	0
Hey	0	1	7333	0	1	-6.64385618977472	0
HLH4C	0	1	2667	0	1	-6.64385618977472	0
Hnf4	0	1	3629	0	1	-6.64385618977472	0
Hr38	0	1	5008	0	1	-6.64385618977472	0
Hr39	0	1	3181	0	1	-6.64385618977472	0
Hr78	0	1	2925	0	1	-6.64385618977472	0
Jra	0	1	1852	0	1	-6.64385618977472	0
Kah	0	1	3803	0	1	-6.64385618977472	0
kay	0	1	1322	0	1	-6.64385618977472	0
ken	0	1	3852	0	1	-6.64385618977472	0
klu	0	1	4767	0	1	-6.64385618977472	0
knrl	0	1	2590	0	1	-6.64385618977472	0
lmd	0	1	5823	0	1	-6.64385618977472	0
luna	0	1	4446	0	1	-6.64385618977472	0
lz	0	1	3269	0	1	-6.64385618977472	0
Max	0	1	7644	0	1	-6.64385618977472	0
mid	0	1	2375	0	1	-6.64385618977472	0
Mitf	0	1	6278	0	1	-6.64385618977472	0
Mnt	0	1	2565	0	1	-6.64385618977472	0
org-1	0	1	2384	0	1	-6.64385618977472	0
pdm3	0	1	2132	0	1	-6.64385618977472	0
phol	0	1	4756	0	1	-6.64385618977472	0
pnt	0	1	3246	0	1	-6.64385618977472	0
Poxm	0	1	2157	0	1	-6.64385618977472	0
Rel	0	1	4792	0	1	-6.64385618977472	0
retn	0	1	10483	0	1	-6.64385618977472	0
Rfx	0	1	2089	0	1	-6.64385618977472	0
rib	0	1	4065	0	1	-6.64385618977472	0
sage	0	1	4353	0	1	-6.64385618977472	0
sc	0	1	2678	0	1	-6.64385618977472	0
scrt	0	1	4118	0	1	-6.64385618977472	0
sens	0	1	3738	0	1	-6.64385618977472	0
slp2	0	1	3688	0	1	-6.64385618977472	0
Sox102F	0	1	2888	0	1	-6.64385618977472	0
Sox14	0	1	5577	0	1	-6.64385618977472	0
Sox15	0	1	4092	0	1	-6.64385618977472	0
Sox21a	0	1	3729	0	1	-6.64385618977472	0
Sox21b	0	1	4077	0	1	-6.64385618977472	0
SoxN	0	1	3540	0	1	-6.64385618977472	0
Sp1	0	1	3646	0	1	-6.64385618977472	0
Spps	0	1	4728	0	1	-6.64385618977472	0
SREBP	0	1	5234	0	1	-6.64385618977472	0
srp	0	1	2746	0	1	-6.64385618977472	0
ss	0	1	3531	0	1	-6.64385618977472	0
sug	0	1	3554	0	1	-6.64385618977472	0
svp	0	1	3376	0	1	-6.64385618977472	0
TfAP-2	0	1	1594	0	1	-6.64385618977472	0
tj	0	1	3073	0	1	-6.64385618977472	0
toy	0	1	2649	0	1	-6.64385618977472	0
Usf	0	1	6325	0	1	-6.64385618977472	0
vri	0	1	2297	0	1	-6.64385618977472	0
wor	0	1	3731	0	1	-6.64385618977472	0
Xbp1	0	1	2390	0	1	-6.64385618977472	0
Xrp1	0	1	2127	0	1	-6.64385618977472	0
ac	0	1	2738	0	1	-6.64385618977472	0
aop	0	1	2194	0	1	-6.64385618977472	0
BtbVII	0	1	5988	0	1	-6.64385618977472	0
CG3065	0	1	4495	0	1	-6.64385618977472	0
CG4854	0	1	3670	0	1	-6.64385618977472	0
CG8319	0	1	3601	0	1	-6.64385618977472	0
clk	0	1	1823	0	1	-6.64385618977472	0
Crg-1	0	1	5742	0	1	-6.64385618977472	0
crp	0	1	2071	0	1	-6.64385618977472	0
cwo	0	1	1252	0	1	-6.64385618977472	0
cyc	0	1	2168	0	1	-6.64385618977472	0
D1	0	1	6725	0	1	-6.64385618977472	0
D19B	0	1	2023	0	1	-6.64385618977472	0
da	0	1	6636	0	1	-6.64385618977472	0
ewg	0	1	1851	0	1	-6.64385618977472	0
fru	0	1	2648	0	1	-6.64385618977472	0
ftz-f1	0	1	2111	0	1	-6.64385618977472	0
grn	0	1	4474	0	1	-6.64385618977472	0
hng1	0	1	649	0	1	-6.64385618977472	0
hr3	0	1	3264	0	1	-6.64385618977472	0
insv	0	1	1212	0	1	-6.64385618977472	0
l(3)neo38	0	1	6751	0	1	-6.64385618977472	0
nau	0	1	6636	0	1	-6.64385618977472	0
pita	0	1	2759	0	1	-6.64385618977472	0
run	0	1	2049	0	1	-6.64385618977472	0
Sox100B	0	1	1318	0	1	-6.64385618977472	0
tx	0	1	6636	0	1	-6.64385618977472	0
ZIPIC	0	1	4404	0	1	-6.64385618977472	0
Pgr	0	1	3083	0	1	-6.64385618977472	0
BCL11A	0	1	4717	0	1	-6.64385618977472	0
EPAS1	0	1	1629	0	1	-6.64385618977472	0
IKZF2	0	1	12765	0	1	-6.64385618977472	0
PGR	0	1	2174	0	1	-6.64385618977472	0
ZBED4	0	1	3374	0	1	-6.64385618977472	0
ZBTB11	0	1	3763	0	1	-6.64385618977472	0
ZBTB24	0	1	3298	0	1	-6.64385618977472	0
ZNF157	0	1	3074	0	1	-6.64385618977472	0
ZNF175	0	1	3729	0	1	-6.64385618977472	0
ZNF35	0	1	4291	0	1	-6.64385618977472	0
ZNF547	0	1	2841	0	1	-6.64385618977472	0
ZNF558	0	1	7693	0	1	-6.64385618977472	0
ZSCAN21	0	1	4091	0	1	-6.64385618977472	0
Nr1h3	0	1	10429	0	1	-6.64385618977472	0
Ppara	0	1	3376	0	1	-6.64385618977472	0
Nanog	0	1	3867	0	1	-6.64385618977472	0
Zbtb2	0	1	3357	0	1	-6.64385618977472	0
FEZF2	0	1	3275	0	1	-6.64385618977472	0
BEAF-32	0	1	355	0	1	-6.64385618977472	0
btd	0	1	4320	0	1	-6.64385618977472	0
Cf2	0	1	4050	0	1	-6.64385618977472	0
CG9876	0	1	10894	0	1	-6.64385618977472	0
cnc::maf-S	0	1	2980	0	1	-6.64385618977472	0
CTCF	0	1	15549	0	1	-6.64385618977472	0
Deaf1	0	1	16631	0	1	-6.64385618977472	0
dmrt99B	0	1	3026	0	1	-6.64385618977472	0
Dref	0	1	454	0	1	-6.64385618977472	0
dsx	0	1	6599	0	1	-6.64385618977472	0
dve	0	1	8249	0	1	-6.64385618977472	0
E5	0	1	10894	0	1	-6.64385618977472	0
Elba1	0	1	3234	0	1	-6.64385618977472	0
Elba2	0	1	3234	0	1	-6.64385618977472	0
exd	0	1	6936	0	1	-6.64385618977472	0
GATAd	0	1	4474	0	1	-6.64385618977472	0
gcm	0	1	1925	0	1	-6.64385618977472	0
grh	0	1	2675	0	1	-6.64385618977472	0
Hsf	0	1	2441	0	1	-6.64385618977472	0
kn	0	1	2947	0	1	-6.64385618977472	0
kni	0	1	3367	0	1	-6.64385618977472	0
Kr	0	1	3124	0	1	-6.64385618977472	0
Lim3	0	1	10894	0	1	-6.64385618977472	0
M1BP	0	1	2989	0	1	-6.64385618977472	0
nub	0	1	3481	0	1	-6.64385618977472	0
ovo	0	1	1976	0	1	-6.64385618977472	0
Pdp1	0	1	1802	0	1	-6.64385618977472	0
PHDP	0	1	14950	0	1	-6.64385618977472	0
pho	0	1	1995	0	1	-6.64385618977472	0
pnr	0	1	856	0	1	-6.64385618977472	0
Pph13	0	1	10894	0	1	-6.64385618977472	0
prd	0	1	1976	0	1	-6.64385618977472	0
sd	0	1	3379	0	1	-6.64385618977472	0
slp1	0	1	4484	0	1	-6.64385618977472	0
sna	0	1	3721	0	1	-6.64385618977472	0
Stat92E	0	1	3151	0	1	-6.64385618977472	0
sv	0	1	2981	0	1	-6.64385618977472	0
tin	0	1	3207	0	1	-6.64385618977472	0
Trl	0	1	5997	0	1	-6.64385618977472	0
twi	0	1	4914	0	1	-6.64385618977472	0
Ubx	0	1	7580	0	1	-6.64385618977472	0
usp	0	1	3489	0	1	-6.64385618977472	0
vfl	0	1	3167	0	1	-6.64385618977472	0
vis	0	1	17824	0	1	-6.64385618977472	0
z	0	1	3852	0	1	-6.64385618977472	0
zen2	0	1	10894	0	1	-6.64385618977472	0
atf-7	0	1	3568	0	1	-6.64385618977472	0
cebp-1	0	1	2262	0	1	-6.64385618977472	0
ceh-22	0	1	3354	0	1	-6.64385618977472	0
ceh-38	0	1	5358	0	1	-6.64385618977472	0
ceh-48	0	1	17821	0	1	-6.64385618977472	0
daf-12	0	1	5705	0	1	-6.64385618977472	0
daf-16	0	1	4771	0	1	-6.64385618977472	0
dsc-1	0	1	10894	0	1	-6.64385618977472	0
efl-1	0	1	2804	0	1	-6.64385618977472	0
elt-2	0	1	1773	0	1	-6.64385618977472	0
elt-6	0	1	13865	0	1	-6.64385618977472	0
eor-1	0	1	11182	0	1	-6.64385618977472	0
fkh-2	0	1	9387	0	1	-6.64385618977472	0
hlh-1	0	1	3811	0	1	-6.64385618977472	0
hlh-30	0	1	2037	0	1	-6.64385618977472	0
lim-4	0	1	7580	0	1	-6.64385618977472	0
lim-7	0	1	14950	0	1	-6.64385618977472	0
lin-54	0	1	3756	0	1	-6.64385618977472	0
pqm-1	0	1	2114	0	1	-6.64385618977472	0
skn-1	0	1	6201	0	1	-6.64385618977472	0
sma-4	0	1	4711	0	1	-6.64385618977472	0
unc-30	0	1	8249	0	1	-6.64385618977472	0
unc-62	0	1	3722	0	1	-6.64385618977472	0
zfh-2	0	1	2210	0	1	-6.64385618977472	0
zip-8	0	1	2519	0	1	-6.64385618977472	0
AP4	0	1	2225	0	1	-6.64385618977472	0
Atbf	0	1	14950	0	1	-6.64385618977472	0
Atoh7	0	1	3855	0	1	-6.64385618977472	0
Brachyury	0	1	2531	0	1	-6.64385618977472	0
Bsx	0	1	13174	0	1	-6.64385618977472	0
Cebpg	0	1	12090	0	1	-6.64385618977472	0
Creb1	0	1	2214	0	1	-6.64385618977472	0
Dlx-b	0	1	10894	0	1	-6.64385618977472	0
Dlx-c	0	1	10894	0	1	-6.64385618977472	0
Emx	0	1	13174	0	1	-6.64385618977472	0
Erf-a	0	1	2666	0	1	-6.64385618977472	0
Etv1/4/5	0	1	5704	0	1	-6.64385618977472	0
Fli-Erg-a	0	1	5704	0	1	-6.64385618977472	0
Fli-Erg-b	0	1	3297	0	1	-6.64385618977472	0
Fli-Erg-c	0	1	5704	0	1	-6.64385618977472	0
Fos-b	0	1	2277	0	1	-6.64385618977472	0
FoxA-a	0	1	5038	0	1	-6.64385618977472	0
FoxA-b	0	1	4180	0	1	-6.64385618977472	0
FoxB	0	1	4406	0	1	-6.64385618977472	0
FoxD-b	0	1	15614	0	1	-6.64385618977472	0
FoxE	0	1	17248	0	1	-6.64385618977472	0
FoxF	0	1	16132	0	1	-6.64385618977472	0
FoxG	0	1	15838	0	1	-6.64385618977472	0
FoxI-a	0	1	17248	0	1	-6.64385618977472	0
FoxI-b	0	1	4904	0	1	-6.64385618977472	0
FoxI-c	0	1	16218	0	1	-6.64385618977472	0
FoxK	0	1	15614	0	1	-6.64385618977472	0
FoxL2	0	1	4703	0	1	-6.64385618977472	0
FoxM	0	1	17248	0	1	-6.64385618977472	0
FoxO	0	1	4730	0	1	-6.64385618977472	0
FoxQ	0	1	14190	0	1	-6.64385618977472	0
GATA-a	0	1	13865	0	1	-6.64385618977472	0
GATA1/2/3	0	1	13876	0	1	-6.64385618977472	0
Hes-b	0	1	2805	0	1	-6.64385618977472	0
Hes-c	0	1	2056	0	1	-6.64385618977472	0
Hex	0	1	14950	0	1	-6.64385618977472	0
Hmbox1	0	1	14950	0	1	-6.64385618977472	0
Hnf1	0	1	7580	0	1	-6.64385618977472	0
Hox1	0	1	14950	0	1	-6.64385618977472	0
Hox3	0	1	13166	0	1	-6.64385618977472	0
Hox4	0	1	13166	0	1	-6.64385618977472	0
Hox5	0	1	13174	0	1	-6.64385618977472	0
Hsf1-2-4	0	1	1721	0	1	-6.64385618977472	0
Irf-b	0	1	2153	0	1	-6.64385618977472	0
Isx	0	1	14950	0	1	-6.64385618977472	0
Klf3/8/12	0	1	4689	0	1	-6.64385618977472	0
Klf5-like	0	1	2050	0	1	-6.64385618977472	0
large-Maf	0	1	11973	0	1	-6.64385618977472	0
Lhx3/4	0	1	14950	0	1	-6.64385618977472	0
Lmx-b	0	1	7580	0	1	-6.64385618977472	0
Macho-1	0	1	13686	0	1	-6.64385618977472	0
Meox	0	1	13166	0	1	-6.64385618977472	0
Mnx	0	1	14950	0	1	-6.64385618977472	0
Msx	0	1	13174	0	1	-6.64385618977472	0
NFkb	0	1	2162	0	1	-6.64385618977472	0
Nk-1	0	1	13174	0	1	-6.64385618977472	0
Nk-3	0	1	14950	0	1	-6.64385618977472	0
Nkx3	0	1	14950	0	1	-6.64385618977472	0
Noto	0	1	13166	0	1	-6.64385618977472	0
Otp	0	1	7580	0	1	-6.64385618977472	0
Otx	0	1	1304	0	1	-6.64385618977472	0
Prop	0	1	14950	0	1	-6.64385618977472	0
Rax	0	1	14950	0	1	-6.64385618977472	0
Six3/6	0	1	9266	0	1	-6.64385618977472	0
small-Maf	0	1	11973	0	1	-6.64385618977472	0
Snail	0	1	8924	0	1	-6.64385618977472	0
SoxB1	0	1	4466	0	1	-6.64385618977472	0
SoxB2	0	1	15632	0	1	-6.64385618977472	0
SoxC	0	1	15632	0	1	-6.64385618977472	0
SoxF	0	1	15632	0	1	-6.64385618977472	0
Tbox-a	0	1	2592	0	1	-6.64385618977472	0
Tbox-b	0	1	2643	0	1	-6.64385618977472	0
Tbx15/18/22	0	1	2700	0	1	-6.64385618977472	0
Tbx2/3	0	1	2260	0	1	-6.64385618977472	0
Tcf3-4-12	0	1	8924	0	1	-6.64385618977472	0
Tlx	0	1	14950	0	1	-6.64385618977472	0
Uncx-b	0	1	14950	0	1	-6.64385618977472	0
YY1-2	0	1	2818	0	1	-6.64385618977472	0
LIN54	0	1	9690	0	1	-6.64385618977472	0
Ahr::Arnt	0	1	14267	0	1	-6.64385618977472	0
Alx1	0	1	2318	0	1	-6.64385618977472	0
ALX3	0	1	10894	0	1	-6.64385618977472	0
Alx4	0	1	2395	0	1	-6.64385618977472	0
TBX21	0	1	2790	0	1	-6.64385618977472	0
Ar	0	1	1794	0	1	-6.64385618977472	0
ARGFX	0	1	1662	0	1	-6.64385618977472	0
Arid3b	0	1	6648	0	1	-6.64385618977472	0
Arid5a	0	1	2398	0	1	-6.64385618977472	0
ARNT::HIF1A	0	1	14849	0	1	-6.64385618977472	0
ARNT2	0	1	2758	0	1	-6.64385618977472	0
Arntl	0	1	2673	0	1	-6.64385618977472	0
Arx	0	1	2438	0	1	-6.64385618977472	0
ASCL1	0	1	6569	0	1	-6.64385618977472	0
ATF2	0	1	3721	0	1	-6.64385618977472	0
ATF3	0	1	2481	0	1	-6.64385618977472	0
ATF4	0	1	3277	0	1	-6.64385618977472	0
ATF6	0	1	3182	0	1	-6.64385618977472	0
ATF7	0	1	2530	0	1	-6.64385618977472	0
Atoh1	0	1	7639	0	1	-6.64385618977472	0
Bach1::Mafk	0	1	2740	0	1	-6.64385618977472	0
MAFK	0	1	2751	0	1	-6.64385618977472	0
BACH2	0	1	4547	0	1	-6.64385618977472	0
BARHL1	0	1	8784	0	1	-6.64385618977472	0
BARHL2	0	1	8784	0	1	-6.64385618977472	0
BARX1	0	1	13174	0	1	-6.64385618977472	0
BARX2	0	1	3295	0	1	-6.64385618977472	0
BATF	0	1	3817	0	1	-6.64385618977472	0
BATF::JUN	0	1	3817	0	1	-6.64385618977472	0
Jun	0	1	2022	0	1	-6.64385618977472	0
JUN	0	1	3737	0	1	-6.64385618977472	0
BATF3	0	1	3817	0	1	-6.64385618977472	0
Bcl11B	0	1	5169	0	1	-6.64385618977472	0
BCL6	0	1	2833	0	1	-6.64385618977472	0
Bhlha15	0	1	2469	0	1	-6.64385618977472	0
BHLHE23	0	1	2596	0	1	-6.64385618977472	0
BHLHE40	0	1	1640	0	1	-6.64385618977472	0
BNC2	0	1	3817	0	1	-6.64385618977472	0
BSX	0	1	13174	0	1	-6.64385618977472	0
CDX2	0	1	2541	0	1	-6.64385618977472	0
CDX4	0	1	3479	0	1	-6.64385618977472	0
CEBPA	0	1	2831	0	1	-6.64385618977472	0
CEBPB	0	1	856	0	1	-6.64385618977472	0
CEBPD	0	1	3154	0	1	-6.64385618977472	0
CEBPE	0	1	1093	0	1	-6.64385618977472	0
CLOCK	0	1	2131	0	1	-6.64385618977472	0
CREB1	0	1	3126	0	1	-6.64385618977472	0
CREB3	0	1	2679	0	1	-6.64385618977472	0
CREB3L1	0	1	2623	0	1	-6.64385618977472	0
CREB3L4	0	1	5730	0	1	-6.64385618977472	0
Creb5	0	1	2399	0	1	-6.64385618977472	0
CREM	0	1	2890	0	1	-6.64385618977472	0
Crx	0	1	8249	0	1	-6.64385618977472	0
CTCFL	0	1	4143	0	1	-6.64385618977472	0
CUX1	0	1	1572	0	1	-6.64385618977472	0
Hoxa13	0	1	1715	0	1	-6.64385618977472	0
HOXB13	0	1	4318	0	1	-6.64385618977472	0
CUX2	0	1	1536	0	1	-6.64385618977472	0
DBP	0	1	1203	0	1	-6.64385618977472	0
Ddit3::Cebpa	0	1	1922	0	1	-6.64385618977472	0
DLX1	0	1	13174	0	1	-6.64385618977472	0
Dlx2	0	1	2266	0	1	-6.64385618977472	0
Dlx3	0	1	10894	0	1	-6.64385618977472	0
Dlx4	0	1	10894	0	1	-6.64385618977472	0
Dlx5	0	1	2350	0	1	-6.64385618977472	0
DLX6	0	1	10894	0	1	-6.64385618977472	0
Dmbx1	0	1	1791	0	1	-6.64385618977472	0
Dmrt1	0	1	2851	0	1	-6.64385618977472	0
DMRT3	0	1	4566	0	1	-6.64385618977472	0
DMRTA1	0	1	2990	0	1	-6.64385618977472	0
DMRTA2	0	1	10458	0	1	-6.64385618977472	0
DMRTC2	0	1	3138	0	1	-6.64385618977472	0
DPRX	0	1	2316	0	1	-6.64385618977472	0
DRGX	0	1	10894	0	1	-6.64385618977472	0
Dux	0	1	1553	0	1	-6.64385618977472	0
E2F2	0	1	1671	0	1	-6.64385618977472	0
E2F3	0	1	1385	0	1	-6.64385618977472	0
ONECUT2	0	1	2259	0	1	-6.64385618977472	0
E2F4	0	1	1945	0	1	-6.64385618977472	0
E2F6	0	1	3507	0	1	-6.64385618977472	0
E2F8	0	1	2461	0	1	-6.64385618977472	0
EBF1	0	1	2491	0	1	-6.64385618977472	0
Ebf2	0	1	2950	0	1	-6.64385618977472	0
EBF3	0	1	2972	0	1	-6.64385618977472	0
EGR1	0	1	4952	0	1	-6.64385618977472	0
EGR3	0	1	4754	0	1	-6.64385618977472	0
EGR4	0	1	4991	0	1	-6.64385618977472	0
EHF	0	1	3355	0	1	-6.64385618977472	0
ELF1	0	1	3830	0	1	-6.64385618977472	0
ELF2	0	1	3262	0	1	-6.64385618977472	0
ELF3	0	1	3191	0	1	-6.64385618977472	0
Elf5	0	1	4409	0	1	-6.64385618977472	0
ELK1	0	1	2917	0	1	-6.64385618977472	0
EOMES	0	1	2937	0	1	-6.64385618977472	0
ETV7	0	1	3952	0	1	-6.64385618977472	0
HOXA1	0	1	10894	0	1	-6.64385618977472	0
ELK1::HOXB13	0	1	2801	0	1	-6.64385618977472	0
PAX1	0	1	2982	0	1	-6.64385618977472	0
PAX5	0	1	3213	0	1	-6.64385618977472	0
PAX9	0	1	3108	0	1	-6.64385618977472	0
SPDEF	0	1	2564	0	1	-6.64385618977472	0
ELK1::SREBF2	0	1	3146	0	1	-6.64385618977472	0
TEF	0	1	1281	0	1	-6.64385618977472	0
ELK3	0	1	3200	0	1	-6.64385618977472	0
ELK4	0	1	3383	0	1	-6.64385618977472	0
EMX1	0	1	10894	0	1	-6.64385618977472	0
EMX2	0	1	10894	0	1	-6.64385618977472	0
EN1	0	1	10894	0	1	-6.64385618977472	0
EN2	0	1	3938	0	1	-6.64385618977472	0
ERF	0	1	3273	0	1	-6.64385618977472	0
ERF::FIGLA	0	1	3487	0	1	-6.64385618977472	0
FIGLA	0	1	8924	0	1	-6.64385618977472	0
ERF::FOXI1	0	1	5496	0	1	-6.64385618977472	0
ERF::FOXO1	0	1	5479	0	1	-6.64385618977472	0
Foxo1	0	1	7118	0	1	-6.64385618977472	0
ERF::HOXB13	0	1	3451	0	1	-6.64385618977472	0
MAX	0	1	4636	0	1	-6.64385618977472	0
ERF::NHLH1	0	1	3098	0	1	-6.64385618977472	0
NHLH1	0	1	3621	0	1	-6.64385618977472	0
ERF::SREBF2	0	1	2367	0	1	-6.64385618977472	0
Erg	0	1	4471	0	1	-6.64385618977472	0
ESR1	0	1	1875	0	1	-6.64385618977472	0
ESRRA	0	1	2512	0	1	-6.64385618977472	0
ESRRB	0	1	2387	0	1	-6.64385618977472	0
Esrrg	0	1	2306	0	1	-6.64385618977472	0
ESX1	0	1	4188	0	1	-6.64385618977472	0
ETS1	0	1	3752	0	1	-6.64385618977472	0
ETS2	0	1	3345	0	1	-6.64385618977472	0
ETV1	0	1	3971	0	1	-6.64385618977472	0
ETV2	0	1	3908	0	1	-6.64385618977472	0
ETV2::DRGX	0	1	2808	0	1	-6.64385618977472	0
ETV2::FIGLA	0	1	3709	0	1	-6.64385618977472	0
ETV2::FOXI1	0	1	4756	0	1	-6.64385618977472	0
ETV2::HOXB13	0	1	2883	0	1	-6.64385618977472	0
ETV3	0	1	2900	0	1	-6.64385618977472	0
ETV4	0	1	3166	0	1	-6.64385618977472	0
ETV5	0	1	2934	0	1	-6.64385618977472	0
ETV5::DRGX	0	1	2979	0	1	-6.64385618977472	0
ETV5::FIGLA	0	1	3922	0	1	-6.64385618977472	0
ETV5::FOXI1	0	1	4182	0	1	-6.64385618977472	0
ETV5::FOXO1	0	1	3690	0	1	-6.64385618977472	0
ETV5::HOXA2	0	1	2400	0	1	-6.64385618977472	0
HOXA2	0	1	10894	0	1	-6.64385618977472	0
ETV6	0	1	3441	0	1	-6.64385618977472	0
EVX1	0	1	10894	0	1	-6.64385618977472	0
EVX2	0	1	10894	0	1	-6.64385618977472	0
FEV	0	1	3028	0	1	-6.64385618977472	0
FLI1	0	1	3590	0	1	-6.64385618977472	0
FLI1::DRGX	0	1	2798	0	1	-6.64385618977472	0
FLI1::FOXI1	0	1	4308	0	1	-6.64385618977472	0
FOS	0	1	4981	0	1	-6.64385618977472	0
FOS::JUN	0	1	5242	0	1	-6.64385618977472	0
FOS::JUNB	0	1	2004	0	1	-6.64385618977472	0
JUNB	0	1	4567	0	1	-6.64385618977472	0
FOS::JUND	0	1	2638	0	1	-6.64385618977472	0
JUND	0	1	5234	0	1	-6.64385618977472	0
FOSL1	0	1	2268	0	1	-6.64385618977472	0
FOSL1::JUNB	0	1	2205	0	1	-6.64385618977472	0
FOSL1::JUND	0	1	5350	0	1	-6.64385618977472	0
FOSL2	0	1	2159	0	1	-6.64385618977472	0
FOSL2::JUN	0	1	5049	0	1	-6.64385618977472	0
FOSL2::JUNB	0	1	3917	0	1	-6.64385618977472	0
FOSL2::JUND	0	1	5110	0	1	-6.64385618977472	0
FOXA1	0	1	2484	0	1	-6.64385618977472	0
FOXA2	0	1	3352	0	1	-6.64385618977472	0
FOXA3	0	1	7118	0	1	-6.64385618977472	0
FOXC2	0	1	7337	0	1	-6.64385618977472	0
FOXD1	0	1	7118	0	1	-6.64385618977472	0
FOXD2	0	1	6731	0	1	-6.64385618977472	0
FOXD3	0	1	8542	0	1	-6.64385618977472	0
FOXE1	0	1	6978	0	1	-6.64385618977472	0
Foxf1	0	1	7118	0	1	-6.64385618977472	0
FOXF2	0	1	4900	0	1	-6.64385618977472	0
FOXH1	0	1	3911	0	1	-6.64385618977472	0
FOXJ2::ELF1	0	1	5698	0	1	-6.64385618977472	0
PITX1	0	1	8249	0	1	-6.64385618977472	0
Foxj3	0	1	5077	0	1	-6.64385618977472	0
FOXK1	0	1	7118	0	1	-6.64385618977472	0
FOXK2	0	1	7118	0	1	-6.64385618977472	0
Foxl2	0	1	4366	0	1	-6.64385618977472	0
FOXO1::ELF1	0	1	4635	0	1	-6.64385618977472	0
FOXO1::ELK1	0	1	4627	0	1	-6.64385618977472	0
FOXO1::ELK3	0	1	4589	0	1	-6.64385618977472	0
FOXO1::FLI1	0	1	5348	0	1	-6.64385618977472	0
Foxo3	0	1	7118	0	1	-6.64385618977472	0
FOXP1	0	1	7118	0	1	-6.64385618977472	0
FOXP2	0	1	5745	0	1	-6.64385618977472	0
Foxq1	0	1	4786	0	1	-6.64385618977472	0
GABPA	0	1	4268	0	1	-6.64385618977472	0
GATA1	0	1	3633	0	1	-6.64385618977472	0
GATA1::TAL1	0	1	3182	0	1	-6.64385618977472	0
GATA2	0	1	4370	0	1	-6.64385618977472	0
Gata3	0	1	2811	0	1	-6.64385618977472	0
GATA4	0	1	3013	0	1	-6.64385618977472	0
GATA5	0	1	1806	0	1	-6.64385618977472	0
GATA6	0	1	2049	0	1	-6.64385618977472	0
GBX1	0	1	4188	0	1	-6.64385618977472	0
GBX2	0	1	10894	0	1	-6.64385618977472	0
GCM1	0	1	2209	0	1	-6.64385618977472	0
SOX2	0	1	5600	0	1	-6.64385618977472	0
GCM2	0	1	2268	0	1	-6.64385618977472	0
GFI1	0	1	3840	0	1	-6.64385618977472	0
Gfi1B	0	1	3474	0	1	-6.64385618977472	0
Gli1	0	1	4861	0	1	-6.64385618977472	0
Gli2	0	1	4194	0	1	-6.64385618977472	0
GLI3	0	1	4049	0	1	-6.64385618977472	0
GLIS1	0	1	2596	0	1	-6.64385618977472	0
Gmeb1	0	1	2875	0	1	-6.64385618977472	0
GRHL1	0	1	1930	0	1	-6.64385618977472	0
GRHL2	0	1	2857	0	1	-6.64385618977472	0
GSC	0	1	8249	0	1	-6.64385618977472	0
GSC2	0	1	8249	0	1	-6.64385618977472	0
GSX1	0	1	10894	0	1	-6.64385618977472	0
GSX2	0	1	4660	0	1	-6.64385618977472	0
Hand1::Tcf3	0	1	2722	0	1	-6.64385618977472	0
TCF3	0	1	2729	0	1	-6.64385618977472	0
HAND2	0	1	11465	0	1	-6.64385618977472	0
HES1	0	1	2638	0	1	-6.64385618977472	0
HES2	0	1	2282	0	1	-6.64385618977472	0
HESX1	0	1	10894	0	1	-6.64385618977472	0
HEY2	0	1	2233	0	1	-6.64385618977472	0
Hic1	0	1	3149	0	1	-6.64385618977472	0
HIC2	0	1	7571	0	1	-6.64385618977472	0
HIF1A	0	1	5976	0	1	-6.64385618977472	0
HINFP	0	1	2183	0	1	-6.64385618977472	0
HLF	0	1	2295	0	1	-6.64385618977472	0
HMBOX1	0	1	5075	0	1	-6.64385618977472	0
Hmx1	0	1	2618	0	1	-6.64385618977472	0
Hmx2	0	1	3836	0	1	-6.64385618977472	0
Hmx3	0	1	2354	0	1	-6.64385618977472	0
Hnf1A	0	1	4043	0	1	-6.64385618977472	0
HNF1A	0	1	2776	0	1	-6.64385618977472	0
HNF4A	0	1	6754	0	1	-6.64385618977472	0
HNF4G	0	1	3687	0	1	-6.64385618977472	0
HOXA10	0	1	4161	0	1	-6.64385618977472	0
Hoxa11	0	1	1998	0	1	-6.64385618977472	0
HOXA4	0	1	5467	0	1	-6.64385618977472	0
HOXA6	0	1	4660	0	1	-6.64385618977472	0
HOXA7	0	1	13174	0	1	-6.64385618977472	0
HOXA9	0	1	1614	0	1	-6.64385618977472	0
HOXB2	0	1	10894	0	1	-6.64385618977472	0
TBX3	0	1	2864	0	1	-6.64385618977472	0
HOXB3	0	1	10894	0	1	-6.64385618977472	0
HOXB4	0	1	13166	0	1	-6.64385618977472	0
HOXB5	0	1	10894	0	1	-6.64385618977472	0
HOXB6	0	1	4660	0	1	-6.64385618977472	0
HOXB7	0	1	4660	0	1	-6.64385618977472	0
HOXB8	0	1	4660	0	1	-6.64385618977472	0
HOXB9	0	1	1967	0	1	-6.64385618977472	0
HOXC10	0	1	2289	0	1	-6.64385618977472	0
HOXC11	0	1	1827	0	1	-6.64385618977472	0
HOXC12	0	1	1970	0	1	-6.64385618977472	0
HOXC13	0	1	1861	0	1	-6.64385618977472	0
HOXC4	0	1	11968	0	1	-6.64385618977472	0
HOXC8	0	1	10894	0	1	-6.64385618977472	0
HOXC9	0	1	1966	0	1	-6.64385618977472	0
HOXD10	0	1	1835	0	1	-6.64385618977472	0
HOXD11	0	1	1988	0	1	-6.64385618977472	0
HOXD12	0	1	1833	0	1	-6.64385618977472	0
HOXD12::ELK1	0	1	3711	0	1	-6.64385618977472	0
Hoxd13	0	1	9859	0	1	-6.64385618977472	0
HOXD4	0	1	10894	0	1	-6.64385618977472	0
HOXD8	0	1	4539	0	1	-6.64385618977472	0
HOXD9	0	1	2997	0	1	-6.64385618977472	0
IKZF1	0	1	4748	0	1	-6.64385618977472	0
Ikzf3	0	1	3558	0	1	-6.64385618977472	0
Irf1	0	1	6984	0	1	-6.64385618977472	0
IRF2	0	1	4890	0	1	-6.64385618977472	0
IRF3	0	1	6607	0	1	-6.64385618977472	0
IRF4	0	1	4101	0	1	-6.64385618977472	0
IRF7	0	1	5778	0	1	-6.64385618977472	0
IRF8	0	1	4141	0	1	-6.64385618977472	0
Isl1	0	1	2474	0	1	-6.64385618977472	0
ISL2	0	1	10745	0	1	-6.64385618977472	0
ISX	0	1	10894	0	1	-6.64385618977472	0
JUN::JUNB	0	1	4767	0	1	-6.64385618977472	0
KLF1	0	1	6803	0	1	-6.64385618977472	0
KLF11	0	1	5236	0	1	-6.64385618977472	0
KLF13	0	1	3265	0	1	-6.64385618977472	0
KLF15	0	1	3441	0	1	-6.64385618977472	0
KLF17	0	1	4923	0	1	-6.64385618977472	0
KLF2	0	1	5341	0	1	-6.64385618977472	0
KLF3	0	1	3588	0	1	-6.64385618977472	0
KLF4	0	1	6714	0	1	-6.64385618977472	0
KLF6	0	1	4479	0	1	-6.64385618977472	0
KLF7	0	1	5727	0	1	-6.64385618977472	0
KLF9	0	1	6807	0	1	-6.64385618977472	0
LBX1	0	1	4188	0	1	-6.64385618977472	0
LBX2	0	1	10894	0	1	-6.64385618977472	0
Lef1	0	1	3127	0	1	-6.64385618977472	0
Lhx1	0	1	904	0	1	-6.64385618977472	0
LHX2	0	1	13174	0	1	-6.64385618977472	0
Lhx3	0	1	3831	0	1	-6.64385618977472	0
Lhx4	0	1	10894	0	1	-6.64385618977472	0
LHX5	0	1	4660	0	1	-6.64385618977472	0
LHX6	0	1	785	0	1	-6.64385618977472	0
Lhx8	0	1	10894	0	1	-6.64385618977472	0
LHX9	0	1	4188	0	1	-6.64385618977472	0
LMX1A	0	1	7580	0	1	-6.64385618977472	0
LMX1B	0	1	2318	0	1	-6.64385618977472	0
MAF	0	1	1965	0	1	-6.64385618977472	0
MAF::NFE2	0	1	2722	0	1	-6.64385618977472	0
NFE2	0	1	1641	0	1	-6.64385618977472	0
MAFA	0	1	2008	0	1	-6.64385618977472	0
Mafb	0	1	3157	0	1	-6.64385618977472	0
MAFF	0	1	3480	0	1	-6.64385618977472	0
Mafg	0	1	2617	0	1	-6.64385618977472	0
MAFG::NFE2L1	0	1	2744	0	1	-6.64385618977472	0
MAX::MYC	0	1	3339	0	1	-6.64385618977472	0
MYC	0	1	2775	0	1	-6.64385618977472	0
MAZ	0	1	5713	0	1	-6.64385618977472	0
Mecom	0	1	4080	0	1	-6.64385618977472	0
MEF2A	0	1	4903	0	1	-6.64385618977472	0
MEF2C	0	1	5156	0	1	-6.64385618977472	0
MEIS1	0	1	20516	0	1	-6.64385618977472	0
MEIS3	0	1	5230	0	1	-6.64385618977472	0
MEOX1	0	1	4188	0	1	-6.64385618977472	0
MEOX2	0	1	4660	0	1	-6.64385618977472	0
MGA::EVX1	0	1	2661	0	1	-6.64385618977472	0
MITF	0	1	2305	0	1	-6.64385618977472	0
mix-a	0	1	7580	0	1	-6.64385618977472	0
MIXL1	0	1	10894	0	1	-6.64385618977472	0
Mlxip	0	1	4636	0	1	-6.64385618977472	0
MLXIPL	0	1	2861	0	1	-6.64385618977472	0
MNT	0	1	4636	0	1	-6.64385618977472	0
MNX1	0	1	10894	0	1	-6.64385618977472	0
MSANTD3	0	1	3734	0	1	-6.64385618977472	0
Msgn1	0	1	4310	0	1	-6.64385618977472	0
MSX1	0	1	13174	0	1	-6.64385618977472	0
MSX2	0	1	13174	0	1	-6.64385618977472	0
Msx3	0	1	13174	0	1	-6.64385618977472	0
MXI1	0	1	12233	0	1	-6.64385618977472	0
MYB	0	1	11786	0	1	-6.64385618977472	0
MYCN	0	1	2168	0	1	-6.64385618977472	0
MYF5	0	1	2411	0	1	-6.64385618977472	0
MYOD1	0	1	3993	0	1	-6.64385618977472	0
MYOG	0	1	2786	0	1	-6.64385618977472	0
MZF1	0	1	3202	0	1	-6.64385618977472	0
NEUROD1	0	1	3481	0	1	-6.64385618977472	0
Neurod2	0	1	10092	0	1	-6.64385618977472	0
Nfat5	0	1	3797	0	1	-6.64385618977472	0
Nfatc1	0	1	14821	0	1	-6.64385618977472	0
Nfatc2	0	1	4665	0	1	-6.64385618977472	0
NFATC3	0	1	14821	0	1	-6.64385618977472	0
NFATC4	0	1	4357	0	1	-6.64385618977472	0
Nfe2l2	0	1	2822	0	1	-6.64385618977472	0
NFIA	0	1	11311	0	1	-6.64385618977472	0
NFIB	0	1	3302	0	1	-6.64385618977472	0
NFIC	0	1	6278	0	1	-6.64385618977472	0
NFIL3	0	1	2453	0	1	-6.64385618977472	0
NFIX	0	1	14182	0	1	-6.64385618977472	0
NFKB2	0	1	1661	0	1	-6.64385618977472	0
NFYA	0	1	3533	0	1	-6.64385618977472	0
NFYB	0	1	3853	0	1	-6.64385618977472	0
NFYC	0	1	4136	0	1	-6.64385618977472	0
NHLH2	0	1	3107	0	1	-6.64385618977472	0
Nkx2-1	0	1	5355	0	1	-6.64385618977472	0
NKX2-2	0	1	3123	0	1	-6.64385618977472	0
NKX2-3	0	1	2178	0	1	-6.64385618977472	0
NKX2-4	0	1	3846	0	1	-6.64385618977472	0
NKX2-5	0	1	3852	0	1	-6.64385618977472	0
NKX2-8	0	1	4377	0	1	-6.64385618977472	0
Nkx3-1	0	1	2910	0	1	-6.64385618977472	0
Nkx3-2	0	1	2424	0	1	-6.64385618977472	0
NKX6-1	0	1	7580	0	1	-6.64385618977472	0
NKX6-2	0	1	10894	0	1	-6.64385618977472	0
NKX6-3	0	1	1477	0	1	-6.64385618977472	0
Nobox	0	1	12512	0	1	-6.64385618977472	0
NOTO	0	1	4188	0	1	-6.64385618977472	0
Npas2	0	1	2195	0	1	-6.64385618977472	0
Npas4	0	1	2428	0	1	-6.64385618977472	0
NR1D1	0	1	2814	0	1	-6.64385618977472	0
Nr1H2	0	1	10429	0	1	-6.64385618977472	0
Nr1h3::Rxra	0	1	2664	0	1	-6.64385618977472	0
Nr1H4	0	1	10429	0	1	-6.64385618977472	0
NR1H4::RXRA	0	1	3341	0	1	-6.64385618977472	0
NR1I2	0	1	2777	0	1	-6.64385618977472	0
NR1I3	0	1	2163	0	1	-6.64385618977472	0
NR2C1	0	1	10429	0	1	-6.64385618977472	0
NR2C2	0	1	14900	0	1	-6.64385618977472	0
Nr2e3	0	1	6149	0	1	-6.64385618977472	0
NR2F2	0	1	3376	0	1	-6.64385618977472	0
Nr2f6	0	1	3892	0	1	-6.64385618977472	0
NR3C1	0	1	1783	0	1	-6.64385618977472	0
NR3C2	0	1	1842	0	1	-6.64385618977472	0
NR4A1	0	1	4602	0	1	-6.64385618977472	0
NR4A2	0	1	4629	0	1	-6.64385618977472	0
NR4A2::RXRA	0	1	3263	0	1	-6.64385618977472	0
NR5A1	0	1	2969	0	1	-6.64385618977472	0
Nr5A2	0	1	2632	0	1	-6.64385618977472	0
NR6A1	0	1	2915	0	1	-6.64385618977472	0
Nrf1	0	1	3381	0	1	-6.64385618977472	0
NRL	0	1	3344	0	1	-6.64385618977472	0
Olig2	0	1	6636	0	1	-6.64385618977472	0
ONECUT1	0	1	2798	0	1	-6.64385618977472	0
ONECUT3	0	1	3776	0	1	-6.64385618977472	0
OSR1	0	1	2560	0	1	-6.64385618977472	0
OSR2	0	1	3436	0	1	-6.64385618977472	0
OTX1	0	1	8249	0	1	-6.64385618977472	0
OTX2	0	1	2051	0	1	-6.64385618977472	0
OVOL1	0	1	1283	0	1	-6.64385618977472	0
OVOL2	0	1	1759	0	1	-6.64385618977472	0
PATZ1	0	1	8471	0	1	-6.64385618977472	0
PAX2	0	1	2550	0	1	-6.64385618977472	0
Pax7	0	1	2931	0	1	-6.64385618977472	0
PBX1	0	1	3154	0	1	-6.64385618977472	0
PBX2	0	1	3143	0	1	-6.64385618977472	0
PBX3	0	1	3838	0	1	-6.64385618977472	0
PDX1	0	1	10894	0	1	-6.64385618977472	0
PHOX2B	0	1	4108	0	1	-6.64385618977472	0
PITX3	0	1	8249	0	1	-6.64385618977472	0
PKNOX1	0	1	3672	0	1	-6.64385618977472	0
Plagl1	0	1	3959	0	1	-6.64385618977472	0
PLAGL2	0	1	2599	0	1	-6.64385618977472	0
POU1F1	0	1	3436	0	1	-6.64385618977472	0
POU2F1	0	1	2674	0	1	-6.64385618977472	0
POU2F2	0	1	3283	0	1	-6.64385618977472	0
POU2F3	0	1	2594	0	1	-6.64385618977472	0
POU3F1	0	1	3014	0	1	-6.64385618977472	0
POU4F1	0	1	4394	0	1	-6.64385618977472	0
POU4F2	0	1	4331	0	1	-6.64385618977472	0
POU4F3	0	1	4297	0	1	-6.64385618977472	0
POU5F1	0	1	5795	0	1	-6.64385618977472	0
POU6F1	0	1	15472	0	1	-6.64385618977472	0
POU6F2	0	1	1835	0	1	-6.64385618977472	0
PPARA::RXRA	0	1	3347	0	1	-6.64385618977472	0
PPARD	0	1	4028	0	1	-6.64385618977472	0
PPARG	0	1	2520	0	1	-6.64385618977472	0
Pparg::Rxra	0	1	5525	0	1	-6.64385618977472	0
PRDM1	0	1	6637	0	1	-6.64385618977472	0
Prdm14	0	1	2507	0	1	-6.64385618977472	0
Prdm15	0	1	4690	0	1	-6.64385618977472	0
Prdm4	0	1	3843	0	1	-6.64385618977472	0
Prdm5	0	1	5781	0	1	-6.64385618977472	0
PRDM9	0	1	10236	0	1	-6.64385618977472	0
PRRX1	0	1	10894	0	1	-6.64385618977472	0
PRRX2	0	1	4188	0	1	-6.64385618977472	0
Ptf1A	0	1	9565	0	1	-6.64385618977472	0
RARA::RXRG	0	1	2954	0	1	-6.64385618977472	0
RARB	0	1	1779	0	1	-6.64385618977472	0
RARG	0	1	1766	0	1	-6.64385618977472	0
RAX	0	1	10894	0	1	-6.64385618977472	0
RAX2	0	1	10894	0	1	-6.64385618977472	0
RBPJ	0	1	11788	0	1	-6.64385618977472	0
RELB	0	1	2780	0	1	-6.64385618977472	0
REST	0	1	4026	0	1	-6.64385618977472	0
RFX2	0	1	2081	0	1	-6.64385618977472	0
RFX4	0	1	1873	0	1	-6.64385618977472	0
RFX5	0	1	2385	0	1	-6.64385618977472	0
Rfx6	0	1	2463	0	1	-6.64385618977472	0
RFX7	0	1	2478	0	1	-6.64385618977472	0
Rhox11	0	1	3250	0	1	-6.64385618977472	0
RHOXF1	0	1	8249	0	1	-6.64385618977472	0
RORB	0	1	2968	0	1	-6.64385618977472	0
RORC	0	1	2447	0	1	-6.64385618977472	0
RREB1	0	1	10125	0	1	-6.64385618977472	0
Runx1	0	1	5443	0	1	-6.64385618977472	0
RUNX3	0	1	3183	0	1	-6.64385618977472	0
SATB1	0	1	5672	0	1	-6.64385618977472	0
SCRT1	0	1	3888	0	1	-6.64385618977472	0
SCRT2	0	1	3823	0	1	-6.64385618977472	0
SHOX	0	1	10894	0	1	-6.64385618977472	0
Shox2	0	1	10894	0	1	-6.64385618977472	0
SIX1	0	1	3793	0	1	-6.64385618977472	0
SIX2	0	1	3965	0	1	-6.64385618977472	0
Six3	0	1	1889	0	1	-6.64385618977472	0
SMAD2	0	1	8612	0	1	-6.64385618977472	0
Smad4	0	1	4062	0	1	-6.64385618977472	0
SNAI1	0	1	2961	0	1	-6.64385618977472	0
SNAI2	0	1	3345	0	1	-6.64385618977472	0
SNAI3	0	1	3806	0	1	-6.64385618977472	0
SOHLH2	0	1	1474	0	1	-6.64385618977472	0
SOX10	0	1	14668	0	1	-6.64385618977472	0
Sox11	0	1	5214	0	1	-6.64385618977472	0
SOX12	0	1	3269	0	1	-6.64385618977472	0
SOX13	0	1	5600	0	1	-6.64385618977472	0
SOX14	0	1	3096	0	1	-6.64385618977472	0
SOX15	0	1	5466	0	1	-6.64385618977472	0
Sox17	0	1	4234	0	1	-6.64385618977472	0
Sox3	0	1	5600	0	1	-6.64385618977472	0
SOX4	0	1	5611	0	1	-6.64385618977472	0
Sox5	0	1	4037	0	1	-6.64385618977472	0
SOX8	0	1	8792	0	1	-6.64385618977472	0
SOX9	0	1	4350	0	1	-6.64385618977472	0
SP3	0	1	4727	0	1	-6.64385618977472	0
SP5	0	1	8704	0	1	-6.64385618977472	0
SP8	0	1	7012	0	1	-6.64385618977472	0
SP9	0	1	5324	0	1	-6.64385618977472	0
Spi1	0	1	7837	0	1	-6.64385618977472	0
SPIB	0	1	6536	0	1	-6.64385618977472	0
SPIC	0	1	5149	0	1	-6.64385618977472	0
SRY	0	1	9889	0	1	-6.64385618977472	0
STAT1	0	1	2598	0	1	-6.64385618977472	0
STAT1::STAT2	0	1	7908	0	1	-6.64385618977472	0
Stat2	0	1	8455	0	1	-6.64385618977472	0
STAT3	0	1	3875	0	1	-6.64385618977472	0
Stat4	0	1	4323	0	1	-6.64385618977472	0
Stat5a	0	1	3265	0	1	-6.64385618977472	0
Stat5a::Stat5b	0	1	3032	0	1	-6.64385618977472	0
Stat5b	0	1	3177	0	1	-6.64385618977472	0
Stat6	0	1	2851	0	1	-6.64385618977472	0
TAL1::TCF3	0	1	3220	0	1	-6.64385618977472	0
TBP	0	1	9597	0	1	-6.64385618977472	0
TBR1	0	1	2819	0	1	-6.64385618977472	0
TBX18	0	1	3066	0	1	-6.64385618977472	0
TBX19	0	1	1846	0	1	-6.64385618977472	0
TBX2	0	1	2861	0	1	-6.64385618977472	0
Tbx6	0	1	3036	0	1	-6.64385618977472	0
Tcf12	0	1	6636	0	1	-6.64385618977472	0
TCF12	0	1	2729	0	1	-6.64385618977472	0
Tcf21	0	1	2467	0	1	-6.64385618977472	0
TCF21	0	1	2497	0	1	-6.64385618977472	0
TCF4	0	1	3768	0	1	-6.64385618977472	0
TCF7	0	1	6140	0	1	-6.64385618977472	0
TCF7L2	0	1	3654	0	1	-6.64385618977472	0
TCFL5	0	1	1867	0	1	-6.64385618977472	0
TEAD1	0	1	3171	0	1	-6.64385618977472	0
TEAD2	0	1	3748	0	1	-6.64385618977472	0
TEAD4	0	1	2877	0	1	-6.64385618977472	0
TFAP2E	0	1	2178	0	1	-6.64385618977472	0
TFAP4::ETV1	0	1	3914	0	1	-6.64385618977472	0
TFAP4::FLI1	0	1	4059	0	1	-6.64385618977472	0
TFCP2	0	1	2089	0	1	-6.64385618977472	0
TFDP1	0	1	2884	0	1	-6.64385618977472	0
TFEB	0	1	3101	0	1	-6.64385618977472	0
TFEC	0	1	3604	0	1	-6.64385618977472	0
THAP1	0	1	4959	0	1	-6.64385618977472	0
THRA	0	1	3519	0	1	-6.64385618977472	0
THRB	0	1	8978	0	1	-6.64385618977472	0
TLX2	0	1	10894	0	1	-6.64385618977472	0
TP73	0	1	2269	0	1	-6.64385618977472	0
TRPS1	0	1	1854	0	1	-6.64385618977472	0
TWIST1	0	1	3017	0	1	-6.64385618977472	0
Twist2	0	1	6636	0	1	-6.64385618977472	0
UNCX	0	1	10894	0	1	-6.64385618977472	0
USF1	0	1	3404	0	1	-6.64385618977472	0
USF2	0	1	2448	0	1	-6.64385618977472	0
VAX1	0	1	7580	0	1	-6.64385618977472	0
VAX2	0	1	10894	0	1	-6.64385618977472	0
Vdr	0	1	3456	0	1	-6.64385618977472	0
VEZF1	0	1	7074	0	1	-6.64385618977472	0
VSX1	0	1	4188	0	1	-6.64385618977472	0
VSX2	0	1	4188	0	1	-6.64385618977472	0
Wt1	0	1	6620	0	1	-6.64385618977472	0
XBP1	0	1	2363	0	1	-6.64385618977472	0
Yy1	0	1	3947	0	1	-6.64385618977472	0
YY2	0	1	3007	0	1	-6.64385618977472	0
ZBED1	0	1	1307	0	1	-6.64385618977472	0
ZBED2	0	1	2875	0	1	-6.64385618977472	0
ZBTB12	0	1	4103	0	1	-6.64385618977472	0
ZBTB14	0	1	2754	0	1	-6.64385618977472	0
ZBTB18	0	1	3828	0	1	-6.64385618977472	0
ZBTB26	0	1	2885	0	1	-6.64385618977472	0
ZBTB33	0	1	1524	0	1	-6.64385618977472	0
ZBTB6	0	1	3264	0	1	-6.64385618977472	0
ZBTB7A	0	1	3745	0	1	-6.64385618977472	0
ZBTB7B	0	1	3516	0	1	-6.64385618977472	0
ZBTB7C	0	1	3565	0	1	-6.64385618977472	0
ZEB1	0	1	8924	0	1	-6.64385618977472	0
Zfp335	0	1	3563	0	1	-6.64385618977472	0
ZFP42	0	1	4852	0	1	-6.64385618977472	0
ZFP57	0	1	1303	0	1	-6.64385618977472	0
Zfx	0	1	3427	0	1	-6.64385618977472	0
Zic1::Zic2	0	1	3351	0	1	-6.64385618977472	0
Zic2	0	1	4008	0	1	-6.64385618977472	0
Zic3	0	1	3507	0	1	-6.64385618977472	0
ZIC4	0	1	2815	0	1	-6.64385618977472	0
ZIC5	0	1	2919	0	1	-6.64385618977472	0
ZIM3	0	1	6098	0	1	-6.64385618977472	0
ZKSCAN1	0	1	2474	0	1	-6.64385618977472	0
ZKSCAN3	0	1	2480	0	1	-6.64385618977472	0
ZKSCAN5	0	1	4675	0	1	-6.64385618977472	0
ZNF140	0	1	2937	0	1	-6.64385618977472	0
ZNF148	0	1	8112	0	1	-6.64385618977472	0
ZNF16	0	1	4038	0	1	-6.64385618977472	0
ZNF189	0	1	3688	0	1	-6.64385618977472	0
ZNF211	0	1	2682	0	1	-6.64385618977472	0
ZNF214	0	1	2733	0	1	-6.64385618977472	0
ZNF257	0	1	5135	0	1	-6.64385618977472	0
ZNF263	0	1	3250	0	1	-6.64385618977472	0
ZNF274	0	1	2605	0	1	-6.64385618977472	0
ZNF281	0	1	9683	0	1	-6.64385618977472	0
ZNF282	0	1	3468	0	1	-6.64385618977472	0
ZNF317	0	1	4724	0	1	-6.64385618977472	0
ZNF320	0	1	6025	0	1	-6.64385618977472	0
ZNF324	0	1	3692	0	1	-6.64385618977472	0
ZNF331	0	1	3770	0	1	-6.64385618977472	0
ZNF341	0	1	3177	0	1	-6.64385618977472	0
ZNF343	0	1	3292	0	1	-6.64385618977472	0
ZNF354A	0	1	7474	0	1	-6.64385618977472	0
ZNF384	0	1	9871	0	1	-6.64385618977472	0
ZNF410	0	1	2438	0	1	-6.64385618977472	0
ZNF416	0	1	3694	0	1	-6.64385618977472	0
ZNF417	0	1	1502	0	1	-6.64385618977472	0
ZNF449	0	1	4073	0	1	-6.64385618977472	0
ZNF454	0	1	2948	0	1	-6.64385618977472	0
ZNF530	0	1	7431	0	1	-6.64385618977472	0
ZNF549	0	1	5659	0	1	-6.64385618977472	0
ZNF574	0	1	3385	0	1	-6.64385618977472	0
ZNF582	0	1	3257	0	1	-6.64385618977472	0
ZNF610	0	1	3396	0	1	-6.64385618977472	0
ZNF652	0	1	2361	0	1	-6.64385618977472	0
ZNF667	0	1	2519	0	1	-6.64385618977472	0
ZNF675	0	1	4334	0	1	-6.64385618977472	0
ZNF680	0	1	6254	0	1	-6.64385618977472	0
ZNF682	0	1	3589	0	1	-6.64385618977472	0
ZNF684	0	1	4124	0	1	-6.64385618977472	0
ZNF692	0	1	3566	0	1	-6.64385618977472	0
ZNF701	0	1	8265	0	1	-6.64385618977472	0
ZNF708	0	1	3702	0	1	-6.64385618977472	0
ZNF740	0	1	7332	0	1	-6.64385618977472	0
ZNF76	0	1	3264	0	1	-6.64385618977472	0
ZNF768	0	1	6242	0	1	-6.64385618977472	0
ZNF784	0	1	1353	0	1	-6.64385618977472	0
ZNF816	0	1	4368	0	1	-6.64385618977472	0
ZNF85	0	1	2430	0	1	-6.64385618977472	0
ZNF93	0	1	4133	0	1	-6.64385618977472	0
ZSCAN29	0	1	2577	0	1	-6.64385618977472	0
ZSCAN31	0	1	3301	0	1	-6.64385618977472	0
Su(H)	0	1	3594	0	1	-6.64385618977472	0
